Date,Open,High,Low,Close,Adj Close,Volume
2002-08-26,1302.0,1338.0,1180.0,1180.0,668.3330080000001,1452000
2002-08-27,1196.0,1210.0,1084.0,1116.0,632.084412,2753000
2002-08-28,1118.0,1230.0,1100.0,1160.0,657.00531,2192500
2002-08-29,1122.0,1176.0,1090.0,1106.0,626.4205929999999,954000
2002-08-30,1110.0,1128.0,1060.0,1100.0,623.022339,796500
2002-09-02,1106.0,1138.0,1066.0,1120.0,634.349854,606500
2002-09-03,1112.0,1178.0,1112.0,1142.0,646.810425,1088500
2002-09-04,1138.0,1166.0,1114.0,1140.0,645.677673,771500
2002-09-05,1160.0,1216.0,1154.0,1162.0,658.138062,1252500
2002-09-06,1180.0,1206.0,1100.0,1102.0,624.155029,1505500
2002-09-09,1062.0,1098.0,970.0,970.0,549.392273,1061500
2002-09-10,970.0,970.0,900.0,920.0,521.073181,872500
2002-09-11,904.0,960.0,900.0,902.0,510.87823499999996,559000
2002-09-12,916.0,940.0,898.0,904.0,512.010986,478000
2002-09-13,892.0,938.0,890.0,892.0,505.21444699999995,864000
2002-09-16,906.0,906.0,882.0,886.0,501.81613200000004,750000
2002-09-17,884.0,904.0,882.0,882.0,499.550568,1312000
2002-09-18,882.0,884.0,880.0,880.0,498.417755,1622000
2002-09-19,880.0,882.0,880.0,880.0,498.417755,1333000
2002-09-23,878.0,878.0,806.0,806.0,456.50543200000004,99500
2002-09-24,760.0,784.0,728.0,740.0,419.124054,356500
2002-09-25,726.0,804.0,706.0,796.0,450.84164400000003,311500
2002-09-26,808.0,810.0,770.0,794.0,449.708771,186000
2002-09-27,800.0,872.0,800.0,802.0,454.23986799999994,294500
2002-09-30,804.0,896.0,780.0,862.0,488.2229,211500
2002-10-01,804.0,880.0,802.0,860.0,487.090149,66500
2002-10-02,854.0,880.0,822.0,840.0,475.762421,119500
2002-10-04,860.0,868.0,826.0,858.0,485.95733600000005,52500
2002-10-07,860.0,860.0,802.0,846.0,479.160797,58500
2002-10-08,764.0,876.0,764.0,780.0,441.779419,141500
2002-10-09,784.0,794.0,726.0,726.0,411.194702,73000
2002-10-10,694.0,770.0,694.0,718.0,406.663635,157500
2002-10-11,704.0,732.0,704.0,714.0,404.398071,42500
2002-10-14,724.0,798.0,724.0,798.0,451.974304,73500
2002-10-15,880.0,880.0,822.0,830.0,470.09860199999997,264000
2002-10-16,844.0,844.0,816.0,822.0,465.56753499999996,121000
2002-10-17,782.0,872.0,782.0,830.0,470.09860199999997,664000
2002-10-18,840.0,864.0,830.0,864.0,489.35565199999996,450000
2002-10-21,864.0,870.0,782.0,850.0,481.42620800000003,244500
2002-10-22,860.0,884.0,832.0,850.0,481.42620800000003,289500
2002-10-23,822.0,862.0,822.0,850.0,481.42620800000003,259000
2002-10-24,838.0,858.0,838.0,850.0,481.42620800000003,85000
2002-10-25,826.0,856.0,826.0,854.0,483.69183300000003,126500
2002-10-28,886.0,894.0,860.0,888.0,502.948883,232000
2002-10-29,886.0,908.0,878.0,900.0,509.74548300000004,423000
2002-10-30,940.0,998.0,910.0,932.0,527.869812,971000
2002-10-31,940.0,1010.0,920.0,1000.0,566.383911,1157500
2002-11-01,1000.0,1120.0,980.0,1120.0,634.349854,2092500
2002-11-04,1126.0,1252.0,1122.0,1220.0,690.988342,1680000
2002-11-05,1230.0,1240.0,1122.0,1190.0,673.9968259999999,982500
2002-11-06,1214.0,1214.0,1142.0,1160.0,657.00531,639500
2002-11-07,1120.0,1230.0,1120.0,1192.0,675.129578,1493500
2002-11-08,1204.0,1276.0,1172.0,1260.0,713.643738,1243000
2002-11-11,1244.0,1280.0,1160.0,1220.0,690.988342,649500
2002-11-12,1162.0,1196.0,1122.0,1146.0,649.075928,555000
2002-11-13,1150.0,1246.0,1150.0,1150.0,651.341492,1803500
2002-11-14,1130.0,1240.0,1080.0,1194.0,676.26239,2091000
2002-11-15,1224.0,1246.0,1184.0,1220.0,690.988342,1081500
2002-11-18,1230.0,1320.0,1220.0,1260.0,713.643738,1631000
2002-11-19,1266.0,1292.0,1240.0,1280.0,724.971436,703000
2002-11-20,1322.0,1416.0,1240.0,1274.0,721.57312,1413000
2002-11-21,1292.0,1300.0,1206.0,1240.0,702.31604,761500
2002-11-22,1242.0,1340.0,1242.0,1318.0,746.493958,1114500
2002-11-25,1298.0,1412.0,1298.0,1380.0,781.609863,1311500
2002-11-26,1386.0,1400.0,1320.0,1350.0,764.618164,699000
2002-11-27,1322.0,1336.0,1290.0,1336.0,756.688904,747500
2002-11-28,1348.0,1360.0,1284.0,1288.0,729.502441,820000
2002-11-29,1266.0,1326.0,1262.0,1318.0,746.493958,903000
2002-12-03,1322.0,1360.0,1292.0,1334.0,755.556152,1049000
2002-12-04,1310.0,1338.0,1276.0,1280.0,724.971436,546000
2002-12-05,1264.0,1374.0,1264.0,1360.0,770.282104,1090000
2002-12-06,1400.0,1520.0,1396.0,1502.0,850.708618,1647500
2002-12-09,1558.0,1670.0,1540.0,1600.0,906.2141720000001,2539500
2002-12-10,1582.0,1732.0,1582.0,1660.0,940.197205,1912500
2002-12-11,1720.0,1858.0,1720.0,1858.0,1052.341187,2635500
2002-12-12,1900.0,2080.0,1780.0,2080.0,1178.0783689999998,5663000
2002-12-13,2120.0,2320.0,2110.0,2170.0,1229.053101,4621000
2002-12-16,2140.0,2350.0,2070.0,2220.0,1257.37207,4244000
2002-12-17,2340.0,2350.0,2110.0,2140.0,1212.061401,2230000
2002-12-18,2100.0,2300.0,2060.0,2200.0,1246.044678,2162000
2002-12-20,2260.0,2300.0,2140.0,2200.0,1246.044678,1953000
2002-12-23,2220.0,2450.0,2220.0,2260.0,1280.027466,4468000
2002-12-24,2300.0,2370.0,1992.0,2050.0,1161.087036,3195000
2002-12-26,2000.0,2120.0,1862.0,1896.0,1073.86377,1719500
2002-12-27,1844.0,2100.0,1844.0,1998.0,1211.5076900000001,3576500
2002-12-30,1962.0,2020.0,1784.0,1948.0,1181.189453,1580500
2003-01-02,2080.0,2180.0,2000.0,2180.0,1321.865112,1515000
2003-01-03,2440.0,2440.0,2440.0,2440.0,1479.518921,249500
2003-01-06,2730.0,2730.0,2660.0,2730.0,1655.3630369999998,1008000
2003-01-07,2970.0,3050.0,2740.0,2880.0,1746.317261,10889500
2003-01-08,2900.0,3220.0,2790.0,3090.0,1873.652954,11983000
2003-01-09,3080.0,3460.0,3040.0,3460.0,2098.006104,11704500
2003-01-10,3600.0,3650.0,3050.0,3270.0,1982.797607,15303000
2003-01-13,3220.0,3400.0,3060.0,3260.0,1976.734131,10677000
2003-01-14,3320.0,3650.0,3200.0,3340.0,2025.24292,15424500
2003-01-15,3440.0,3440.0,3060.0,3090.0,1873.652954,7087500
2003-01-16,3000.0,3250.0,2900.0,3240.0,1964.606812,6744500
2003-01-17,3160.0,3220.0,2860.0,2880.0,1746.317261,5308500
2003-01-20,2750.0,3190.0,2750.0,3190.0,1934.289063,9411000
2003-01-21,3170.0,3230.0,2940.0,2960.0,1794.8261719999998,7444000
2003-01-22,2920.0,3130.0,2920.0,2980.0,1806.953491,7315500
2003-01-23,3090.0,3200.0,3000.0,3120.0,1891.843384,8416500
2003-01-24,3170.0,3180.0,2770.0,2880.0,1746.317261,5813500
2003-01-27,2740.0,2840.0,2570.0,2630.0,1594.727295,4152500
2003-01-28,2680.0,2790.0,2580.0,2620.0,1588.663696,5527500
2003-01-29,2660.0,2680.0,2310.0,2310.0,1400.691895,5593000
2003-01-30,2360.0,2480.0,2210.0,2480.0,1503.773193,7893000
2003-02-03,2460.0,2760.0,2390.0,2680.0,1625.045044,9319000
2003-02-04,2690.0,2770.0,2600.0,2600.0,1576.536377,4972500
2003-02-05,2570.0,2700.0,2540.0,2640.0,1600.7907710000002,4009000
2003-02-06,2680.0,2760.0,2610.0,2640.0,1600.7907710000002,5913000
2003-02-07,2660.0,2690.0,2440.0,2500.0,1515.9003910000001,4047000
2003-02-10,2450.0,2550.0,2440.0,2480.0,1503.773193,3108000
2003-02-11,2540.0,2640.0,2400.0,2530.0,1534.091064,6412000
2003-02-12,2500.0,2570.0,2370.0,2460.0,1491.645874,3357500
2003-02-13,2460.0,2480.0,2340.0,2340.0,1418.8829349999999,3071500
2003-02-14,2390.0,2620.0,2360.0,2620.0,1588.663696,8084500
2003-02-17,2800.0,2880.0,2670.0,2800.0,1697.808594,9959000
2003-02-18,2800.0,2980.0,2730.0,2900.0,1758.444336,7217000
2003-02-19,2990.0,3040.0,2810.0,2810.0,1703.871826,5048500
2003-02-20,2820.0,2890.0,2660.0,2780.0,1685.6815190000002,3713500
2003-02-21,2780.0,2950.0,2750.0,2790.0,1691.7447510000002,6126000
2003-02-24,2840.0,2930.0,2750.0,2930.0,1776.6352539999998,4295000
2003-02-25,2850.0,2900.0,2620.0,2620.0,1588.663696,3265500
2003-02-26,2700.0,2730.0,2630.0,2710.0,1643.236206,2861500
2003-02-27,2660.0,2820.0,2660.0,2710.0,1643.236206,3711500
2003-02-28,2770.0,2780.0,2510.0,2600.0,1576.536377,2761000
2003-03-03,2590.0,2700.0,2510.0,2700.0,1637.1723630000001,3640000
2003-03-04,2630.0,2650.0,2410.0,2470.0,1497.709717,3656000
2003-03-05,2390.0,2400.0,2210.0,2260.0,1370.374023,2565000
2003-03-06,2280.0,2320.0,2070.0,2100.0,1273.356567,3832500
2003-03-07,2000.0,2220.0,1972.0,2000.0,1212.720337,7680500
2003-03-10,2030.0,2240.0,2030.0,2090.0,1267.292725,10882500
2003-03-11,2040.0,2180.0,2030.0,2140.0,1297.610718,4969000
2003-03-12,2220.0,2370.0,2210.0,2370.0,1437.07373,6707500
2003-03-13,2420.0,2460.0,2200.0,2290.0,1388.564575,6429000
2003-03-14,2460.0,2470.0,2300.0,2330.0,1412.819214,4019500
2003-03-17,2300.0,2330.0,2060.0,2060.0,1249.101929,2752500
2003-03-18,2200.0,2250.0,2130.0,2170.0,1315.801514,5452000
2003-03-19,2130.0,2270.0,2110.0,2120.0,1285.483643,4750000
2003-03-20,2190.0,2370.0,2170.0,2370.0,1437.07373,7647000
2003-03-21,2390.0,2550.0,2340.0,2470.0,1497.709717,7288000
2003-03-24,2490.0,2500.0,2320.0,2320.0,1406.755615,4500500
2003-03-25,2230.0,2310.0,2190.0,2220.0,1346.1196289999998,2727500
2003-03-26,2290.0,2380.0,2220.0,2270.0,1376.4375,3446500
2003-03-27,2250.0,2310.0,2230.0,2280.0,1382.501221,2158500
2003-03-28,2360.0,2550.0,2330.0,2530.0,1534.091064,9353500
2003-03-31,2450.0,2470.0,2230.0,2240.0,1358.246948,5207500
2003-04-01,2210.0,2390.0,2210.0,2370.0,1437.07373,3957000
2003-04-02,2400.0,2450.0,2330.0,2430.0,1473.455322,4538000
2003-04-03,2520.0,2540.0,2300.0,2320.0,1406.755615,4678500
2003-04-04,2300.0,2430.0,2300.0,2430.0,1473.455322,3862000
2003-04-07,2510.0,2720.0,2480.0,2720.0,1649.299805,6235000
2003-04-08,2640.0,2940.0,2640.0,2840.0,1722.062622,10174000
2003-04-09,2880.0,2920.0,2680.0,2680.0,1625.045044,4525000
2003-04-10,2750.0,2850.0,2700.0,2790.0,1691.7447510000002,4021000
2003-04-11,2800.0,2850.0,2670.0,2680.0,1625.045044,3740500
2003-04-14,2700.0,2770.0,2660.0,2740.0,1661.42688,2580000
2003-04-15,2830.0,3050.0,2780.0,2930.0,1776.6352539999998,7230000
2003-04-16,2990.0,3040.0,2860.0,2900.0,1758.444336,6881500
2003-04-17,2940.0,3040.0,2870.0,2920.0,1770.5715329999998,4233500
2003-04-18,3000.0,3090.0,2900.0,2970.0,1800.889771,5755500
2003-04-21,2970.0,3110.0,2900.0,3070.0,1861.525757,4496000
2003-04-22,3030.0,3070.0,2840.0,2840.0,1722.062622,2999500
2003-04-23,2900.0,2920.0,2730.0,2760.0,1673.554077,2629500
2003-04-24,2780.0,2830.0,2600.0,2600.0,1576.536377,2586500
2003-04-25,2540.0,2640.0,2300.0,2390.0,1449.200806,4099500
2003-04-28,2320.0,2500.0,2310.0,2490.0,1509.836914,2647500
2003-04-29,2540.0,2660.0,2530.0,2600.0,1576.536377,3857500
2003-04-30,2610.0,2660.0,2500.0,2530.0,1534.091064,1878000
2003-05-02,2580.0,2700.0,2520.0,2660.0,1612.9178470000002,3123000
2003-05-06,2780.0,2960.0,2750.0,2900.0,1758.444336,5466000
2003-05-07,2920.0,2930.0,2790.0,2840.0,1722.062622,2542000
2003-05-09,2840.0,2930.0,2790.0,2850.0,1728.1264649999998,2663500
2003-05-12,2930.0,3020.0,2920.0,2940.0,1782.698853,3098500
2003-05-13,2950.0,3000.0,2710.0,2730.0,1655.3630369999998,2902500
2003-05-14,2740.0,2840.0,2730.0,2820.0,1709.935791,2396500
2003-05-15,2840.0,3090.0,2810.0,3030.0,1837.2713620000002,7196500
2003-05-16,3080.0,3350.0,2940.0,3180.0,1928.225464,13576500
2003-05-19,3160.0,3370.0,2890.0,2920.0,1770.5715329999998,12891000
2003-05-20,2880.0,3080.0,2860.0,3080.0,1867.589478,5163500
2003-05-21,3140.0,3360.0,3040.0,3100.0,1879.7165530000002,10293500
2003-05-22,3120.0,3260.0,2940.0,3020.0,1831.207886,6437500
2003-05-23,3120.0,3140.0,2970.0,3080.0,1867.589478,3652000
2003-05-26,3120.0,3440.0,3110.0,3440.0,2085.878906,7305500
2003-05-27,3600.0,3600.0,3200.0,3400.0,2061.6245120000003,6352500
2003-05-28,3460.0,3500.0,3030.0,3120.0,1891.843384,5784000
2003-05-29,3070.0,3180.0,3010.0,3140.0,1903.9710690000002,2802000
2003-05-30,3140.0,3180.0,3080.0,3160.0,1916.0979,2460500
2003-06-02,3220.0,3290.0,3100.0,3130.0,1897.907104,2915500
2003-06-03,3070.0,3130.0,2840.0,2850.0,1728.1264649999998,3426500
2003-06-04,2910.0,3090.0,2910.0,3050.0,1849.398315,5604000
2003-06-05,3080.0,3100.0,2880.0,2920.0,1770.5715329999998,2543500
2003-06-09,2920.0,3020.0,2900.0,3000.0,1819.080688,1882000
2003-06-10,3000.0,3260.0,2990.0,3110.0,1885.780273,7638000
2003-06-11,3140.0,3150.0,3030.0,3130.0,1897.907104,2432500
2003-06-12,3200.0,3210.0,3060.0,3120.0,1891.843384,3333500
2003-06-13,3140.0,3270.0,3010.0,3160.0,1916.0979,6311000
2003-06-16,3160.0,3470.0,3150.0,3310.0,2007.0521239999998,8520500
2003-06-17,3400.0,3410.0,3270.0,3320.0,2013.1156010000002,4291000
2003-06-18,3360.0,3380.0,3200.0,3220.0,1952.479736,3914000
2003-06-19,3220.0,3250.0,3060.0,3100.0,1879.7165530000002,2568500
2003-06-20,3040.0,3190.0,3040.0,3060.0,1855.4621579999998,2126500
2003-06-23,3010.0,3090.0,2850.0,2870.0,1740.253662,2122000
2003-06-24,2790.0,2980.0,2790.0,2960.0,1794.8261719999998,2015500
2003-06-25,3020.0,3130.0,3000.0,3060.0,1855.4621579999998,4049500
2003-06-26,3040.0,3040.0,2840.0,2900.0,1758.444336,1741500
2003-06-27,2980.0,3010.0,2910.0,3000.0,1819.080688,1605500
2003-06-30,3000.0,3230.0,3000.0,3150.0,1910.034424,5084000
2003-07-01,3150.0,3180.0,2980.0,3050.0,1849.398315,2393000
2003-07-02,3090.0,3100.0,2980.0,3000.0,1819.080688,1964500
2003-07-03,3040.0,3100.0,2950.0,2950.0,1788.762329,2519000
2003-07-04,2980.0,3070.0,2960.0,3000.0,1819.080688,1880500
2003-07-07,3050.0,3170.0,3000.0,3130.0,1897.907104,2817500
2003-07-08,3180.0,3200.0,3040.0,3140.0,1903.9710690000002,2549500
2003-07-09,3140.0,3170.0,2990.0,3000.0,1819.080688,1842500
2003-07-10,3040.0,3100.0,3000.0,3060.0,1855.4621579999998,1882000
2003-07-11,3140.0,3280.0,3070.0,3070.0,1861.525757,6374500
2003-07-14,3110.0,3230.0,3110.0,3130.0,1897.907104,3298500
2003-07-15,3180.0,3180.0,3020.0,3040.0,1843.3347170000002,2327500
2003-07-16,3130.0,3210.0,3080.0,3090.0,1873.652954,2769500
2003-07-18,3000.0,3140.0,2980.0,3040.0,1843.3347170000002,1575000
2003-07-21,3110.0,3190.0,3020.0,3050.0,1849.398315,1813000
2003-07-22,3020.0,3070.0,2690.0,2890.0,1752.3811039999998,2771500
2003-07-23,2910.0,2910.0,2720.0,2740.0,1661.42688,1454500
2003-07-24,2720.0,2780.0,2540.0,2600.0,1576.536377,1723500
2003-07-25,2550.0,2620.0,2520.0,2600.0,1576.536377,1271000
2003-07-28,2680.0,2900.0,2660.0,2880.0,1746.317261,3540500
2003-07-29,2800.0,2860.0,2730.0,2780.0,1685.6815190000002,1501500
2003-07-30,2780.0,2820.0,2670.0,2680.0,1625.045044,875000
2003-07-31,2680.0,2820.0,2650.0,2790.0,1691.7447510000002,1699000
2003-08-01,2800.0,2830.0,2720.0,2760.0,1673.554077,1469500
2003-08-04,2680.0,2720.0,2640.0,2640.0,1600.7907710000002,719000
2003-08-05,2640.0,2740.0,2640.0,2700.0,1637.1723630000001,690500
2003-08-06,2620.0,2650.0,2570.0,2590.0,1570.4727779999998,666500
2003-08-07,2580.0,2640.0,2560.0,2640.0,1600.7907710000002,675500
2003-08-08,2620.0,2660.0,2560.0,2610.0,1582.6000980000001,551000
2003-08-11,2570.0,2630.0,2520.0,2630.0,1594.727295,462500
2003-08-12,2640.0,2760.0,2600.0,2610.0,1582.6000980000001,1369500
2003-08-13,2620.0,2660.0,2570.0,2620.0,1588.663696,532500
2003-08-14,2670.0,2720.0,2630.0,2640.0,1600.7907710000002,849500
2003-08-18,2650.0,2740.0,2630.0,2740.0,1661.42688,1041500
2003-08-19,2790.0,2790.0,2670.0,2720.0,1649.299805,735000
2003-08-20,2720.0,2840.0,2700.0,2740.0,1661.42688,1808000
2003-08-21,2780.0,2840.0,2730.0,2800.0,1697.808594,1222500
2003-08-22,2880.0,2920.0,2800.0,2800.0,1697.808594,2020500
2003-08-25,2780.0,2840.0,2710.0,2720.0,1649.299805,964500
2003-08-26,2710.0,2760.0,2660.0,2660.0,1612.9178470000002,693000
2003-08-27,2660.0,2690.0,2560.0,2570.0,1558.345703,1080000
2003-08-28,2570.0,2600.0,2440.0,2480.0,1503.773193,686000
2003-08-29,2490.0,2670.0,2410.0,2620.0,1588.663696,2795000
2003-09-01,2650.0,2660.0,2550.0,2580.0,1564.409302,1356500
2003-09-02,2600.0,2610.0,2500.0,2540.0,1540.154907,708500
2003-09-03,2550.0,2580.0,2460.0,2460.0,1491.645874,758000
2003-09-04,2480.0,2510.0,2400.0,2420.0,1467.391357,548500
2003-09-05,2440.0,2460.0,2400.0,2400.0,1455.264282,545500
2003-09-08,2370.0,2400.0,2260.0,2270.0,1376.4375,533000
2003-09-09,2270.0,2340.0,2270.0,2340.0,1418.8829349999999,496000
2003-09-15,2300.0,2430.0,2300.0,2380.0,1443.137329,929000
2003-09-16,2370.0,2410.0,2360.0,2380.0,1443.137329,665000
2003-09-17,2440.0,2450.0,2300.0,2300.0,1394.628418,498500
2003-09-18,2320.0,2350.0,2180.0,2190.0,1327.928711,624500
2003-09-19,2220.0,2260.0,2100.0,2100.0,1273.356567,582000
2003-09-22,2060.0,2090.0,1878.0,1894.0,1148.446289,821500
2003-09-23,1880.0,1944.0,1820.0,1944.0,1178.764038,745000
2003-09-24,1932.0,2050.0,1882.0,2000.0,1212.720337,1371500
2003-09-25,1876.0,1928.0,1858.0,1886.0,1143.595215,580500
2003-09-26,1894.0,1924.0,1876.0,1896.0,1149.658813,367500
2003-09-29,1900.0,1950.0,1890.0,1940.0,1176.338623,487000
2003-09-30,1976.0,2140.0,1966.0,2040.0,1236.974731,1346500
2003-10-01,1990.0,2030.0,1940.0,2020.0,1224.8476560000001,551000
2003-10-02,2080.0,2100.0,2030.0,2050.0,1243.03833,921500
2003-10-06,2070.0,2140.0,2040.0,2060.0,1249.101929,1154500
2003-10-07,2110.0,2110.0,1972.0,2000.0,1212.720337,644000
2003-10-08,1992.0,2040.0,1922.0,1922.0,1165.424194,590000
2003-10-09,1914.0,1950.0,1914.0,1938.0,1175.126099,253000
2003-10-10,1952.0,2050.0,1952.0,1980.0,1200.59314,904500
2003-10-13,1980.0,1998.0,1948.0,1970.0,1194.529541,530500
2003-10-14,2010.0,2200.0,2000.0,2190.0,1327.928711,4699000
2003-10-15,2160.0,2260.0,2110.0,2220.0,1346.1196289999998,1987000
2003-10-16,2190.0,2250.0,2140.0,2250.0,1364.310303,1412500
2003-10-17,2260.0,2280.0,2180.0,2200.0,1333.9923099999999,698500
2003-10-20,2150.0,2200.0,2150.0,2180.0,1321.865112,619000
2003-10-21,2280.0,2410.0,2250.0,2340.0,1418.8829349999999,4392500
2003-10-22,2370.0,2390.0,2260.0,2280.0,1382.501221,1835500
2003-10-23,2240.0,2320.0,2180.0,2200.0,1333.9923099999999,1036500
2003-10-24,2200.0,2270.0,2130.0,2250.0,1364.310303,868000
2003-10-27,2270.0,2470.0,2270.0,2370.0,1437.07373,2696000
2003-10-28,2350.0,2410.0,2280.0,2370.0,1437.07373,1610500
2003-10-29,2420.0,2430.0,2230.0,2230.0,1352.1832279999999,1056000
2003-10-30,2240.0,2340.0,2220.0,2340.0,1418.8829349999999,743500
2003-10-31,2310.0,2420.0,2240.0,2380.0,1443.137329,1380500
2003-11-03,2410.0,2520.0,2380.0,2500.0,1515.9003910000001,1731000
2003-11-04,2520.0,2530.0,2370.0,2390.0,1449.200806,983000
2003-11-05,2380.0,2380.0,2270.0,2280.0,1382.501221,1020500
2003-11-06,2290.0,2330.0,2080.0,2100.0,1273.356567,1153500
2003-11-07,2110.0,2170.0,2090.0,2170.0,1315.801514,726500
2003-11-10,2140.0,2240.0,2120.0,2140.0,1297.610718,944500
2003-11-11,2150.0,2300.0,2150.0,2200.0,1333.9923099999999,1984000
2003-11-12,2220.0,2250.0,2160.0,2250.0,1364.310303,859000
2003-11-13,2280.0,2290.0,2200.0,2220.0,1346.1196289999998,824500
2003-11-14,2210.0,2240.0,2170.0,2170.0,1315.801514,536000
2003-11-17,2120.0,2290.0,2120.0,2230.0,1352.1832279999999,975500
2003-11-18,2240.0,2250.0,2190.0,2230.0,1352.1832279999999,495500
2003-11-19,2190.0,2210.0,2120.0,2140.0,1297.610718,535000
2003-11-20,2140.0,2170.0,2060.0,2060.0,1249.101929,534000
2003-11-21,2010.0,2080.0,2010.0,2030.0,1230.911011,313000
2003-11-24,2030.0,2070.0,1880.0,1880.0,1139.9571529999998,357500
2003-11-25,1904.0,2000.0,1900.0,1932.0,1171.487671,1348500
2003-11-26,1920.0,2120.0,1910.0,2030.0,1230.911011,1131500
2003-11-27,2050.0,2050.0,1974.0,2000.0,1212.720337,436000
2003-11-28,2010.0,2060.0,2000.0,2010.0,1218.783936,440000
2003-12-01,2000.0,2150.0,1998.0,2110.0,1279.419922,1020500
2003-12-02,2140.0,2180.0,2070.0,2080.0,1261.229126,1111000
2003-12-03,2080.0,2100.0,2020.0,2040.0,1236.974731,428000
2003-12-04,2040.0,2140.0,2020.0,2090.0,1267.292725,877500
2003-12-05,2110.0,2120.0,2040.0,2040.0,1236.974731,385500
2003-12-08,2100.0,2250.0,2060.0,2180.0,1321.865112,2264000
2003-12-09,2230.0,2250.0,2140.0,2210.0,1340.05603,1321500
2003-12-10,2180.0,2310.0,2150.0,2180.0,1321.865112,919000
2003-12-11,2170.0,2230.0,2130.0,2180.0,1321.865112,885500
2003-12-12,2230.0,2270.0,2180.0,2180.0,1321.865112,933000
2003-12-15,2240.0,2380.0,2200.0,2320.0,1406.755615,2176000
2003-12-16,2260.0,2320.0,2190.0,2200.0,1333.9923099999999,1238000
2003-12-17,2240.0,2240.0,2090.0,2090.0,1267.292725,862000
2003-12-18,2080.0,2140.0,2080.0,2100.0,1273.356567,574500
2003-12-19,2130.0,2150.0,2010.0,2010.0,1218.783936,680500
2003-12-22,1980.0,2040.0,1962.0,1970.0,1194.529541,501000
2003-12-23,1990.0,2100.0,1978.0,2030.0,1230.911011,1179000
2003-12-24,2060.0,2060.0,1960.0,1960.0,1188.46582,524500
2003-12-26,1960.0,2020.0,1960.0,1974.0,1196.955078,306500
2003-12-29,2000.0,2120.0,2000.0,2120.0,1391.197876,720500
2003-12-30,2130.0,2170.0,2100.0,2130.0,1397.7597660000001,707000
2004-01-02,2180.0,2190.0,2090.0,2140.0,1404.3220210000002,710000
2004-01-05,2140.0,2140.0,2080.0,2140.0,1404.3220210000002,373000
2004-01-06,2180.0,2240.0,2070.0,2070.0,1358.38623,1742000
2004-01-07,2080.0,2100.0,2020.0,2040.0,1338.6994630000002,507000
2004-01-08,2050.0,2060.0,1998.0,2000.0,1312.450684,564000
2004-01-09,2010.0,2090.0,2010.0,2090.0,1371.510864,651000
2004-01-12,2090.0,2120.0,2050.0,2110.0,1384.635376,1115500
2004-01-13,2140.0,2300.0,2130.0,2170.0,1424.008789,3805000
2004-01-14,2170.0,2180.0,2050.0,2100.0,1378.072998,1246500
2004-01-15,2100.0,2120.0,2010.0,2020.0,1325.575073,631500
2004-01-16,2040.0,2060.0,2020.0,2050.0,1345.2617189999999,462000
2004-01-19,2070.0,2090.0,2000.0,2010.0,1319.012695,814000
2004-01-20,2000.0,2060.0,1988.0,2050.0,1345.2617189999999,478500
2004-01-26,2040.0,2070.0,2030.0,2050.0,1345.2617189999999,407500
2004-01-27,2060.0,2070.0,1998.0,2020.0,1325.575073,612000
2004-01-28,2010.0,2050.0,1980.0,2000.0,1312.450684,479500
2004-01-29,1982.0,2080.0,1980.0,2040.0,1338.6994630000002,1736000
2004-01-30,2100.0,2110.0,2010.0,2020.0,1325.575073,1447000
2004-02-02,2000.0,2030.0,1992.0,2000.0,1312.450684,493000
2004-02-03,2000.0,2010.0,1924.0,1924.0,1262.577393,719500
2004-02-04,1902.0,1950.0,1894.0,1894.0,1242.8907470000001,436000
2004-02-05,1882.0,1930.0,1882.0,1896.0,1244.203125,381000
2004-02-06,1884.0,1912.0,1880.0,1888.0,1238.9533689999998,444500
2004-02-09,1900.0,1920.0,1886.0,1916.0,1257.3276369999999,403000
2004-02-10,1940.0,1960.0,1914.0,1932.0,1267.827271,508000
2004-02-11,1950.0,2010.0,1930.0,1930.0,1266.514771,1026500
2004-02-12,1958.0,1958.0,1888.0,1888.0,1238.9533689999998,367500
2004-02-13,1888.0,1916.0,1888.0,1912.0,1254.7026369999999,309000
2004-02-16,1912.0,1920.0,1886.0,1890.0,1240.265625,292000
2004-02-17,1870.0,1910.0,1864.0,1880.0,1233.7036130000001,636500
2004-02-18,1898.0,1900.0,1868.0,1868.0,1225.828857,413500
2004-02-19,1868.0,1930.0,1868.0,1914.0,1256.0151369999999,1131000
2004-02-20,1890.0,1908.0,1686.0,1686.0,1106.395752,1455000
2004-02-23,1658.0,1690.0,1580.0,1632.0,1070.959595,1395000
2004-02-24,1628.0,1706.0,1578.0,1596.0,1047.335571,2012000
2004-02-25,1570.0,1618.0,1518.0,1518.0,996.1499630000001,660500
2004-02-26,1512.0,1530.0,1382.0,1400.0,918.7154539999999,1147000
2004-02-27,1408.0,1468.0,1390.0,1438.0,943.651917,918000
2004-03-02,1442.0,1460.0,1426.0,1452.0,952.8391109999999,917000
2004-03-03,1466.0,1578.0,1462.0,1480.0,971.213501,1172500
2004-03-04,1490.0,1520.0,1442.0,1450.0,951.5266109999999,865000
2004-03-05,1460.0,1516.0,1452.0,1460.0,958.0889279999999,1153500
2004-03-08,1478.0,1492.0,1468.0,1484.0,973.8383789999999,372500
2004-03-09,1470.0,1520.0,1468.0,1518.0,996.1499630000001,657500
2004-03-10,1506.0,1618.0,1506.0,1524.0,1000.087341,1504500
2004-03-11,1512.0,1514.0,1452.0,1470.0,964.651184,531000
2004-03-12,1450.0,1488.0,1300.0,1396.0,916.0904539999999,1091000
2004-03-15,1390.0,1444.0,1390.0,1430.0,938.402222,504500
2004-03-16,1420.0,1508.0,1404.0,1464.0,960.7137449999999,671500
2004-03-17,1480.0,1530.0,1474.0,1480.0,971.213501,1048000
2004-03-18,1494.0,1538.0,1468.0,1526.0,1001.3997800000001,1336500
2004-03-19,1560.0,1576.0,1514.0,1536.0,1007.9620359999999,545500
2004-03-22,1552.0,1552.0,1468.0,1478.0,969.90094,453500
2004-03-23,1478.0,1550.0,1456.0,1512.0,992.212708,587000
2004-03-24,1498.0,1526.0,1492.0,1498.0,983.025452,186000
2004-03-25,1486.0,1508.0,1454.0,1454.0,954.1514890000001,254500
2004-03-26,1466.0,1520.0,1452.0,1472.0,965.963684,455000
2004-03-29,1462.0,1480.0,1442.0,1450.0,951.5266109999999,280500
2004-03-30,1458.0,1464.0,1438.0,1438.0,943.651917,240500
2004-03-31,1436.0,1456.0,1436.0,1446.0,948.901794,272500
2004-04-01,1446.0,1458.0,1436.0,1440.0,944.9643550000001,238000
2004-04-02,1452.0,1488.0,1450.0,1484.0,973.8383789999999,583500
2004-04-06,1520.0,1620.0,1510.0,1580.0,1036.8360599999999,2717000
2004-04-07,1540.0,1568.0,1522.0,1540.0,1010.586975,1321000
2004-04-08,1560.0,1634.0,1558.0,1590.0,1043.398193,1493000
2004-04-09,1592.0,1650.0,1550.0,1610.0,1056.522705,1093500
2004-04-12,1610.0,1626.0,1566.0,1566.0,1027.648682,636500
2004-04-13,1572.0,1586.0,1510.0,1512.0,992.212708,589000
2004-04-14,1480.0,1516.0,1480.0,1512.0,992.212708,474500
2004-04-16,1494.0,1564.0,1494.0,1538.0,1009.2744140000001,379000
2004-04-19,1552.0,1620.0,1552.0,1560.0,1023.7114869999999,628500
2004-04-20,1590.0,1590.0,1540.0,1570.0,1030.273682,335500
2004-04-21,1554.0,1618.0,1550.0,1600.0,1049.960449,1131000
2004-04-22,1616.0,1644.0,1562.0,1600.0,1049.960449,1096000
2004-04-23,1620.0,1792.0,1604.0,1792.0,1175.955566,3918500
2004-04-26,1960.0,2000.0,1920.0,2000.0,1312.450684,1610000
2004-04-27,2140.0,2230.0,2000.0,2170.0,1424.008789,9584500
2004-04-28,2140.0,2140.0,1910.0,1914.0,1256.0151369999999,2688500
2004-04-29,1864.0,1880.0,1716.0,1762.0,1156.268921,1542500
2004-04-30,1762.0,1880.0,1762.0,1818.0,1193.0177,1472000
2004-05-03,1810.0,1860.0,1712.0,1860.0,1220.579102,749500
2004-05-04,1870.0,1950.0,1820.0,1820.0,1194.330078,1205500
2004-05-06,1812.0,1840.0,1602.0,1602.0,1051.272827,1020500
2004-05-07,1580.0,1586.0,1420.0,1480.0,971.213501,2118000
2004-05-10,1448.0,1500.0,1304.0,1328.0,871.467285,932000
2004-05-11,1328.0,1410.0,1314.0,1340.0,879.34198,572500
2004-05-12,1362.0,1430.0,1362.0,1404.0,921.3402710000001,894500
2004-05-13,1382.0,1398.0,1330.0,1346.0,883.279175,610000
2004-05-14,1372.0,1506.0,1372.0,1506.0,988.2751460000001,3990500
2004-05-17,1484.0,1506.0,1326.0,1326.0,870.154663,1125500
2004-05-18,1310.0,1354.0,1268.0,1346.0,883.279175,766500
2004-05-19,1370.0,1436.0,1360.0,1400.0,918.7154539999999,1089000
2004-05-20,1372.0,1374.0,1246.0,1330.0,872.779602,697500
2004-05-21,1350.0,1364.0,1330.0,1346.0,883.279175,485500
2004-05-24,1364.0,1500.0,1364.0,1454.0,954.1514890000001,2002500
2004-05-25,1430.0,1440.0,1380.0,1388.0,910.8406980000001,779500
2004-05-27,1440.0,1450.0,1400.0,1400.0,918.7154539999999,649000
2004-05-28,1420.0,1476.0,1416.0,1432.0,939.7145390000001,663000
2004-05-31,1446.0,1446.0,1368.0,1382.0,906.9033810000001,453000
2004-06-01,1380.0,1410.0,1380.0,1406.0,922.6527710000001,453500
2004-06-02,1390.0,1404.0,1378.0,1400.0,918.7154539999999,205000
2004-06-03,1420.0,1450.0,1312.0,1346.0,883.279175,679000
2004-06-04,1342.0,1404.0,1326.0,1362.0,893.7788699999999,577000
2004-06-07,1370.0,1476.0,1370.0,1430.0,938.402222,1066500
2004-06-08,1462.0,1470.0,1418.0,1424.0,934.464783,567000
2004-06-09,1450.0,1458.0,1402.0,1424.0,934.464783,293500
2004-06-10,1420.0,1466.0,1402.0,1432.0,939.7145390000001,365500
2004-06-11,1446.0,1446.0,1342.0,1342.0,880.654358,341000
2004-06-14,1300.0,1358.0,1220.0,1232.0,808.4695429999999,530500
2004-06-15,1224.0,1284.0,1200.0,1230.0,807.157104,445000
2004-06-16,1232.0,1264.0,1176.0,1180.0,774.3458860000001,447500
2004-06-17,1164.0,1182.0,1140.0,1156.0,758.596497,300500
2004-06-18,1154.0,1200.0,1126.0,1134.0,744.1594240000001,389000
2004-06-21,1132.0,1180.0,1088.0,1100.0,721.847839,371000
2004-06-22,1090.0,1094.0,1026.0,1066.0,699.5361330000001,462500
2004-06-23,1050.0,1066.0,1010.0,1020.0,669.3497309999999,476000
2004-06-24,1040.0,1068.0,1020.0,1050.0,689.036499,685500
2004-06-25,1042.0,1088.0,1030.0,1074.0,704.785889,623000
2004-06-28,1074.0,1086.0,1054.0,1062.0,696.911316,341000
2004-06-29,1054.0,1112.0,1052.0,1108.0,727.0976559999999,567500
2004-06-30,1134.0,1134.0,1090.0,1120.0,734.972351,549500
2004-07-01,1128.0,1220.0,1100.0,1176.0,771.721069,1993500
2004-07-02,1156.0,1156.0,1098.0,1102.0,723.160217,445500
2004-07-05,1116.0,1120.0,1080.0,1084.0,711.348206,328500
2004-07-06,1066.0,1114.0,1066.0,1080.0,708.723328,457500
2004-07-07,1030.0,1060.0,1026.0,1050.0,689.036499,311500
2004-07-08,1038.0,1090.0,1036.0,1056.0,692.973938,454000
2004-07-09,1040.0,1182.0,1040.0,1162.0,762.533691,2892000
2004-07-12,1192.0,1276.0,1192.0,1250.0,820.281616,3114500
2004-07-13,1258.0,1258.0,1152.0,1196.0,784.845459,727000
2004-07-14,1240.0,1320.0,1200.0,1238.0,812.406921,1686500
2004-07-15,1214.0,1268.0,1134.0,1248.0,818.969177,775500
2004-07-16,1222.0,1280.0,1178.0,1180.0,774.3458860000001,919500
2004-07-19,1180.0,1224.0,1170.0,1192.0,782.2205809999999,847000
2004-07-20,1174.0,1176.0,1080.0,1080.0,708.723328,721500
2004-07-21,1092.0,1116.0,1070.0,1072.0,703.473511,529000
2004-07-22,1056.0,1064.0,1032.0,1040.0,682.474243,409500
2004-07-23,1038.0,1060.0,1032.0,1032.0,677.2244870000001,306500
2004-07-26,1010.0,1032.0,1000.0,1002.0,657.537781,297500
2004-07-27,994.0,996.0,930.0,942.0,618.164246,385500
2004-07-28,949.0,994.0,949.0,952.0,624.72644,383500
2004-07-29,952.0,954.0,838.0,860.0,564.35376,432000
2004-07-30,889.0,954.0,870.0,950.0,623.414001,699000
2004-08-02,1000.0,1032.0,866.0,896.0,587.977783,1360000
2004-08-03,910.0,968.0,846.0,866.0,568.291077,269500
2004-08-04,853.0,880.0,830.0,832.0,545.979431,411500
2004-08-05,838.0,912.0,838.0,894.0,586.665466,577500
2004-08-06,850.0,872.0,840.0,860.0,564.35376,285000
2004-08-09,858.0,918.0,850.0,897.0,588.634033,244000
2004-08-10,900.0,920.0,895.0,912.0,598.477539,155000
2004-08-11,926.0,928.0,890.0,890.0,584.040466,227000
2004-08-12,880.0,950.0,880.0,912.0,598.477539,462500
2004-08-13,902.0,929.0,902.0,910.0,597.165039,235000
2004-08-16,912.0,940.0,900.0,911.0,597.821167,190000
2004-08-17,922.0,932.0,901.0,902.0,591.915222,308500
2004-08-18,900.0,918.0,900.0,914.0,599.789978,146000
2004-08-19,930.0,958.0,926.0,930.0,610.289551,372000
2004-08-20,916.0,928.0,890.0,898.0,589.290283,325000
2004-08-23,910.0,919.0,899.0,910.0,597.165039,160500
2004-08-24,926.0,944.0,910.0,920.0,603.727295,257000
2004-08-25,952.0,1030.0,942.0,1030.0,675.912048,1307000
2004-08-26,1060.0,1070.0,984.0,1002.0,657.537781,1392500
2004-08-27,1016.0,1028.0,982.0,1028.0,674.599609,877500
2004-08-30,1032.0,1060.0,948.0,972.0,637.851013,741500
2004-08-31,970.0,986.0,941.0,960.0,629.976196,304000
2004-09-01,961.0,998.0,961.0,990.0,649.662964,493500
2004-09-02,984.0,998.0,968.0,984.0,645.725647,225000
2004-09-03,982.0,1050.0,982.0,1000.0,656.225342,819000
2004-09-06,1008.0,1048.0,996.0,1046.0,686.411621,531000
2004-09-07,1046.0,1066.0,1014.0,1018.0,668.037415,491000
2004-09-08,1032.0,1042.0,983.0,983.0,645.069458,326500
2004-09-09,980.0,994.0,972.0,982.0,644.413147,146000
2004-09-10,985.0,1008.0,980.0,980.0,643.100708,182500
2004-09-13,980.0,1030.0,980.0,1030.0,675.912048,374000
2004-09-14,1072.0,1072.0,1016.0,1022.0,670.6622309999999,577500
2004-09-15,1024.0,1034.0,1002.0,1014.0,665.412476,180000
2004-09-16,1028.0,1058.0,1016.0,1028.0,674.599609,552000
2004-09-17,1032.0,1046.0,1002.0,1010.0,662.787537,252500
2004-09-20,1002.0,1052.0,986.0,1036.0,679.849426,809500
2004-09-21,1032.0,1050.0,1014.0,1032.0,677.2244870000001,270500
2004-09-22,1042.0,1048.0,940.0,952.0,624.72644,356000
2004-09-23,934.0,948.0,925.0,925.0,607.008362,259000
2004-09-24,912.0,933.0,912.0,929.0,609.633301,116000
2004-09-30,920.0,950.0,913.0,913.0,599.133667,152500
2004-10-01,899.0,930.0,899.0,914.0,599.789978,161000
2004-10-04,930.0,937.0,920.0,931.0,610.945679,253000
2004-10-05,945.0,954.0,932.0,932.0,611.602051,243000
2004-10-06,936.0,944.0,928.0,928.0,608.977112,106000
2004-10-07,930.0,938.0,902.0,908.0,595.8526,202500
2004-10-08,890.0,908.0,887.0,895.0,587.321594,209500
2004-10-11,899.0,899.0,872.0,875.0,574.197083,394500
2004-10-12,885.0,890.0,872.0,872.0,572.2284549999999,269500
2004-10-13,880.0,896.0,872.0,872.0,572.2284549999999,333500
2004-10-14,871.0,879.0,840.0,840.0,551.229187,333000
2004-10-15,840.0,848.0,831.0,848.0,556.479004,177500
2004-10-18,846.0,858.0,832.0,832.0,545.979431,167000
2004-10-19,834.0,854.0,830.0,834.0,547.2919919999999,160500
2004-10-20,829.0,835.0,787.0,799.0,524.323975,189000
2004-10-21,819.0,820.0,780.0,780.0,511.85574299999996,175500
2004-10-22,780.0,794.0,770.0,772.0,506.60592699999995,222500
2004-10-25,756.0,760.0,732.0,733.0,481.01315300000005,510000
2004-10-26,733.0,749.0,733.0,748.0,490.856598,155000
2004-10-27,756.0,800.0,733.0,780.0,511.85574299999996,611000
2004-10-28,800.0,800.0,763.0,780.0,511.85574299999996,405500
2004-10-29,786.0,788.0,750.0,750.0,492.16900599999997,162500
2004-11-01,743.0,761.0,742.0,750.0,492.16900599999997,103500
2004-11-02,744.0,770.0,744.0,753.0,494.13757300000003,125000
2004-11-03,748.0,767.0,748.0,764.0,501.35610999999994,147500
2004-11-04,780.0,780.0,766.0,766.0,502.668579,90500
2004-11-05,772.0,778.0,760.0,766.0,502.668579,121500
2004-11-08,780.0,780.0,753.0,758.0,497.41882300000003,114500
2004-11-09,750.0,764.0,748.0,750.0,492.16900599999997,54000
2004-11-10,746.0,754.0,744.0,751.0,492.825104,81000
2004-11-11,758.0,766.0,745.0,750.0,492.16900599999997,198500
2004-11-12,760.0,769.0,755.0,758.0,497.41882300000003,169500
2004-11-15,820.0,848.0,820.0,848.0,556.479004,281500
2004-11-16,900.0,907.0,820.0,820.0,538.104675,743500
2004-11-17,810.0,838.0,807.0,821.0,538.760986,479500
2004-11-18,826.0,859.0,818.0,833.0,546.63562,368000
2004-11-19,840.0,854.0,812.0,816.0,535.479797,247500
2004-11-22,786.0,809.0,784.0,792.0,519.7304690000001,240000
2004-11-23,792.0,812.0,790.0,800.0,524.980225,283500
2004-11-24,810.0,828.0,798.0,806.0,528.917542,230000
2004-11-25,810.0,818.0,793.0,793.0,520.386658,255000
2004-11-26,799.0,800.0,770.0,774.0,507.91842699999995,151500
2004-11-29,768.0,785.0,762.0,776.0,509.23083499999996,166500
2004-11-30,770.0,780.0,761.0,775.0,508.57461500000005,96500
2004-12-01,765.0,782.0,765.0,782.0,513.168213,132000
2004-12-02,788.0,862.0,788.0,840.0,551.229187,455000
2004-12-03,840.0,846.0,802.0,817.0,536.136047,194000
2004-12-06,820.0,874.0,805.0,858.0,563.04126,578500
2004-12-07,858.0,919.0,842.0,878.0,576.165833,1231000
2004-12-08,880.0,983.0,880.0,983.0,645.069458,1255500
2004-12-09,1036.0,1096.0,950.0,970.0,636.538513,4380000
2004-12-10,952.0,960.0,860.0,900.0,590.602661,2168000
2004-12-13,910.0,1002.0,890.0,964.0,632.601196,2338500
2004-12-14,950.0,977.0,902.0,922.0,605.039795,1026000
2004-12-15,923.0,952.0,888.0,910.0,597.165039,971500
2004-12-16,893.0,920.0,887.0,887.0,582.071777,774000
2004-12-17,881.0,959.0,866.0,905.0,593.88385,1344500
2004-12-20,944.0,976.0,910.0,942.0,618.164246,808000
2004-12-21,970.0,971.0,893.0,908.0,595.8526,698500
2004-12-22,910.0,920.0,889.0,889.0,583.384277,317500
2004-12-23,883.0,897.0,839.0,839.0,550.573059,563000
2004-12-24,839.0,871.0,834.0,852.0,559.103943,252000
2004-12-27,852.0,930.0,852.0,910.0,597.165039,1191500
2004-12-28,910.0,990.0,846.0,900.0,590.602661,1955000
2004-12-29,910.0,960.0,870.0,878.0,576.165833,734500
2004-12-30,887.0,970.0,877.0,970.0,636.538513,630500
2005-01-03,1062.0,1086.0,1062.0,1086.0,712.660706,1638500
2005-01-04,1170.0,1216.0,1160.0,1216.0,797.9700320000001,1401000
2005-01-05,1280.0,1360.0,1228.0,1360.0,892.4664310000001,6958000
2005-01-06,1422.0,1462.0,1198.0,1228.0,805.8447269999999,7919000
2005-01-07,1246.0,1248.0,1134.0,1200.0,787.470398,3067500
2005-01-10,1194.0,1344.0,1180.0,1344.0,881.966858,5102000
2005-01-11,1366.0,1416.0,1220.0,1242.0,815.031799,4667000
2005-01-12,1202.0,1240.0,1124.0,1160.0,761.221375,1578500
2005-01-13,1208.0,1298.0,1208.0,1298.0,851.7804570000001,4032000
2005-01-14,1298.0,1452.0,1282.0,1380.0,905.5908810000001,5088000
2005-01-17,1426.0,1426.0,1316.0,1320.0,866.2174679999999,2901500
2005-01-18,1326.0,1374.0,1288.0,1360.0,892.4664310000001,1738000
2005-01-20,1704.0,1704.0,1610.0,1704.0,1118.207886,3754500
2005-01-21,1908.0,1908.0,1908.0,1908.0,1252.077759,2095500
2005-01-24,2130.0,2130.0,2130.0,2130.0,1397.7597660000001,600500
2005-01-25,2380.0,2380.0,2070.0,2380.0,1561.8161619999998,17599500
2005-01-26,2340.0,2440.0,2100.0,2100.0,1378.072998,9663000
2005-01-27,1950.0,2200.0,1850.0,2040.0,1338.6994630000002,17498500
2005-01-28,2120.0,2250.0,1906.0,1906.0,1250.7655029999999,12289000
2005-01-31,1800.0,1934.0,1678.0,1740.0,1141.831909,8397500
2005-02-01,1800.0,1850.0,1724.0,1800.0,1181.205322,4976500
2005-02-02,1800.0,1894.0,1704.0,1740.0,1141.831909,9898000
2005-02-03,1700.0,1754.0,1564.0,1564.0,1026.336426,5488500
2005-02-04,1560.0,1738.0,1560.0,1666.0,1093.27124,7117000
2005-02-07,1644.0,1806.0,1644.0,1754.0,1151.019043,5724500
2005-02-11,1754.0,1836.0,1712.0,1724.0,1131.3323970000001,5318500
2005-02-14,1770.0,1930.0,1724.0,1930.0,1266.514771,8659500
2005-02-15,1978.0,2060.0,1874.0,1900.0,1246.8280029999999,7229000
2005-02-16,1882.0,1936.0,1752.0,1818.0,1193.0177,3418500
2005-02-17,1802.0,1890.0,1770.0,1818.0,1193.0177,3640000
2005-02-18,1782.0,1858.0,1620.0,1660.0,1089.3339839999999,2630000
2005-02-21,1642.0,1698.0,1572.0,1630.0,1069.647217,1945000
2005-02-22,1612.0,1702.0,1576.0,1580.0,1036.8360599999999,2635500
2005-02-23,1560.0,1668.0,1524.0,1590.0,1043.398193,1148500
2005-02-24,1600.0,1684.0,1600.0,1600.0,1049.960449,1987000
2005-02-25,1610.0,1638.0,1408.0,1426.0,935.777283,1783000
2005-02-28,1448.0,1486.0,1400.0,1480.0,971.213501,1285500
2005-03-02,1460.0,1490.0,1364.0,1420.0,931.839966,1672000
2005-03-03,1428.0,1498.0,1390.0,1482.0,972.525696,1774000
2005-03-04,1482.0,1532.0,1454.0,1482.0,972.525696,1002000
2005-03-07,1510.0,1548.0,1422.0,1472.0,965.963684,1023500
2005-03-08,1454.0,1472.0,1314.0,1384.0,908.2158810000001,911500
2005-03-09,1340.0,1396.0,1320.0,1380.0,905.5908810000001,603000
2005-03-10,1344.0,1386.0,1280.0,1280.0,839.9682619999999,492500
2005-03-11,1250.0,1402.0,1250.0,1388.0,910.8406980000001,1434500
2005-03-14,1370.0,1420.0,1348.0,1388.0,910.8406980000001,836500
2005-03-15,1418.0,1418.0,1346.0,1360.0,892.4664310000001,695500
2005-03-16,1350.0,1492.0,1324.0,1450.0,951.5266109999999,1991500
2005-03-17,1436.0,1510.0,1370.0,1370.0,899.028625,1294000
2005-03-18,1372.0,1420.0,1342.0,1398.0,917.402893,416000
2005-03-21,1404.0,1476.0,1352.0,1452.0,952.8391109999999,656500
2005-03-22,1442.0,1592.0,1400.0,1410.0,925.277649,2728000
2005-03-23,1420.0,1430.0,1348.0,1352.0,887.216614,969000
2005-03-24,1374.0,1450.0,1324.0,1362.0,893.7788699999999,789000
2005-03-25,1358.0,1438.0,1326.0,1334.0,875.40448,935000
2005-03-28,1342.0,1378.0,1224.0,1276.0,837.3435059999999,799000
2005-03-29,1264.0,1296.0,1184.0,1220.0,800.594971,450500
2005-03-30,1206.0,1240.0,1200.0,1220.0,800.594971,346500
2005-03-31,1240.0,1258.0,1172.0,1220.0,800.594971,493500
2005-04-01,1198.0,1288.0,1198.0,1254.0,822.906433,811000
2005-04-04,1254.0,1258.0,1216.0,1216.0,797.9700320000001,234000
2005-04-06,1222.0,1238.0,1210.0,1212.0,795.345154,146500
2005-04-07,1222.0,1250.0,1202.0,1202.0,788.782776,218000
2005-04-08,1208.0,1228.0,1200.0,1228.0,805.8447269999999,135000
2005-04-11,1236.0,1300.0,1236.0,1300.0,853.0929570000001,681000
2005-04-12,1342.0,1372.0,1308.0,1360.0,892.4664310000001,702500
2005-04-13,1390.0,1456.0,1364.0,1428.0,937.089783,1724500
2005-04-14,1426.0,1426.0,1320.0,1320.0,866.2174679999999,848500
2005-04-15,1320.0,1340.0,1222.0,1222.0,801.9073490000001,608500
2005-04-18,1178.0,1206.0,1090.0,1104.0,724.4727780000001,476000
2005-04-19,1106.0,1140.0,1106.0,1110.0,728.409973,171000
2005-04-20,1114.0,1252.0,1114.0,1180.0,774.3458860000001,710500
2005-04-21,1140.0,1150.0,1102.0,1140.0,748.0969240000001,338500
2005-04-22,1198.0,1198.0,1130.0,1130.0,741.534546,149000
2005-04-25,1104.0,1156.0,1104.0,1114.0,731.034912,123000
2005-04-26,1122.0,1190.0,1122.0,1144.0,750.7218019999999,108500
2005-04-27,1120.0,1148.0,1100.0,1112.0,729.7225950000001,129000
2005-04-28,1120.0,1140.0,1094.0,1094.0,717.910461,122000
2005-04-29,1062.0,1088.0,1030.0,1040.0,682.474243,166000
2005-05-02,1046.0,1074.0,1020.0,1036.0,679.849426,197000
2005-05-03,1010.0,1058.0,1010.0,1030.0,675.912048,160000
2005-05-04,1022.0,1058.0,1020.0,1028.0,674.599609,169500
2005-05-06,1062.0,1062.0,1004.0,1036.0,679.849426,82500
2005-05-09,1038.0,1050.0,1010.0,1010.0,662.787537,117000
2005-05-10,1012.0,1046.0,1010.0,1016.0,666.724915,261000
2005-05-11,1006.0,1020.0,971.0,980.0,643.100708,194000
2005-05-12,981.0,994.0,968.0,968.0,635.226074,140500
2005-05-13,954.0,1050.0,942.0,1010.0,662.787537,545000
2005-05-16,1010.0,1050.0,988.0,1016.0,666.724915,397500
2005-05-17,1024.0,1084.0,1024.0,1032.0,677.2244870000001,529000
2005-05-19,1076.0,1080.0,1020.0,1048.0,687.724121,393000
2005-05-20,1056.0,1086.0,1036.0,1040.0,682.474243,418000
2005-05-23,1026.0,1054.0,1026.0,1040.0,682.474243,272000
2005-05-24,1054.0,1190.0,1050.0,1140.0,748.0969240000001,1898500
2005-05-25,1180.0,1210.0,1140.0,1160.0,761.221375,1154500
2005-05-26,1176.0,1210.0,1160.0,1178.0,773.0333860000001,748000
2005-05-27,1226.0,1354.0,1200.0,1354.0,888.528992,2790000
2005-05-30,1348.0,1368.0,1242.0,1278.0,838.6560059999999,1637000
2005-05-31,1276.0,1340.0,1242.0,1282.0,841.280823,1338500
2005-06-01,1266.0,1272.0,1204.0,1206.0,791.407654,619000
2005-06-02,1234.0,1236.0,1180.0,1196.0,784.845459,675500
2005-06-03,1200.0,1300.0,1200.0,1260.0,826.8438719999999,1201000
2005-06-07,1240.0,1318.0,1210.0,1294.0,849.1555179999999,1213500
2005-06-08,1306.0,1458.0,1240.0,1420.0,931.839966,2964500
2005-06-09,1440.0,1566.0,1380.0,1394.0,914.7779539999999,3517500
2005-06-10,1438.0,1440.0,1300.0,1300.0,853.0929570000001,1182500
2005-06-13,1300.0,1340.0,1246.0,1260.0,826.8438719999999,919500
2005-06-14,1240.0,1320.0,1240.0,1270.0,833.4061280000001,973500
2005-06-15,1258.0,1294.0,1252.0,1280.0,839.9682619999999,397500
2005-06-16,1330.0,1352.0,1290.0,1292.0,847.8430179999999,809000
2005-06-17,1290.0,1334.0,1284.0,1304.0,855.7178960000001,350000
2005-06-20,1340.0,1340.0,1270.0,1282.0,841.280823,598000
2005-06-21,1270.0,1294.0,1200.0,1202.0,788.782776,479000
2005-06-22,1202.0,1240.0,1202.0,1218.0,799.282471,454500
2005-06-23,1212.0,1278.0,1212.0,1236.0,811.0944820000001,433500
2005-06-24,1210.0,1222.0,1200.0,1204.0,790.095276,288000
2005-06-27,1170.0,1200.0,1170.0,1178.0,773.0333860000001,292000
2005-06-28,1176.0,1240.0,1176.0,1212.0,795.345154,441500
2005-06-29,1220.0,1274.0,1220.0,1238.0,812.406921,484000
2005-06-30,1240.0,1260.0,1200.0,1224.0,803.2197269999999,314000
2005-07-01,1220.0,1238.0,1190.0,1210.0,794.032654,424000
2005-07-04,1212.0,1214.0,1190.0,1198.0,786.157837,422500
2005-07-05,1208.0,1214.0,1180.0,1204.0,790.095276,430000
2005-07-06,1210.0,1236.0,1204.0,1220.0,800.594971,786500
2005-07-07,1214.0,1366.0,1200.0,1320.0,866.2174679999999,2023000
2005-07-08,1370.0,1380.0,1220.0,1300.0,853.0929570000001,757000
2005-07-11,1284.0,1340.0,1272.0,1280.0,839.9682619999999,934000
2005-07-12,1294.0,1314.0,1268.0,1270.0,833.4061280000001,697500
2005-07-13,1268.0,1300.0,1260.0,1270.0,833.4061280000001,564000
2005-07-14,1272.0,1306.0,1270.0,1274.0,836.0310059999999,474000
2005-07-15,1280.0,1314.0,1280.0,1296.0,850.4679570000001,554000
2005-07-18,1270.0,1276.0,1200.0,1232.0,808.4695429999999,1728500
2005-07-19,1272.0,1272.0,1234.0,1240.0,813.719299,665500
2005-07-20,1236.0,1244.0,1162.0,1170.0,767.783508,926500
2005-07-21,1164.0,1188.0,1120.0,1124.0,737.597229,691000
2005-07-22,1124.0,1124.0,1066.0,1096.0,719.222961,318000
2005-07-25,1070.0,1120.0,1070.0,1092.0,716.598083,352000
2005-07-26,1062.0,1124.0,1062.0,1106.0,725.7851559999999,499500
2005-07-27,1136.0,1160.0,1108.0,1148.0,753.3467410000001,677000
2005-07-28,1146.0,1162.0,1136.0,1150.0,754.659119,326000
2005-07-29,1142.0,1262.0,1142.0,1218.0,799.282471,1379000
2005-08-01,1220.0,1252.0,1184.0,1230.0,807.157104,805000
2005-08-02,1136.0,1228.0,1136.0,1158.0,759.908875,647000
2005-08-03,1150.0,1198.0,1118.0,1136.0,745.4719240000001,421000
2005-08-04,1120.0,1154.0,1090.0,1116.0,732.347473,322500
2005-08-05,1082.0,1116.0,1058.0,1058.0,694.2863769999999,390500
2005-08-08,993.0,1048.0,993.0,1030.0,675.912048,217500
2005-08-09,1010.0,1088.0,1010.0,1074.0,704.785889,255500
2005-08-10,1062.0,1130.0,1062.0,1130.0,741.534546,334000
2005-08-11,1136.0,1168.0,1122.0,1136.0,745.4719240000001,207000
2005-08-12,1122.0,1172.0,1122.0,1166.0,765.15863,209500
2005-08-16,1170.0,1172.0,1144.0,1148.0,753.3467410000001,179000
2005-08-17,1130.0,1164.0,1130.0,1148.0,753.3467410000001,134000
2005-08-18,1166.0,1166.0,1042.0,1126.0,738.909607,230000
2005-08-19,1138.0,1138.0,1102.0,1132.0,742.847046,77000
2005-08-22,1160.0,1160.0,1088.0,1096.0,719.222961,156000
2005-08-23,1092.0,1136.0,1092.0,1110.0,728.409973,244000
2005-08-24,1112.0,1140.0,1092.0,1140.0,748.0969240000001,269000
2005-08-25,1168.0,1268.0,1140.0,1220.0,800.594971,969500
2005-08-26,1218.0,1296.0,1182.0,1196.0,784.845459,1047000
2005-08-29,1196.0,1218.0,1154.0,1162.0,762.533691,425000
2005-08-30,1168.0,1234.0,1168.0,1220.0,800.594971,763000
2005-08-31,1206.0,1218.0,1174.0,1198.0,786.157837,377000
2005-09-01,1216.0,1230.0,1176.0,1184.0,776.970825,522000
2005-09-02,1148.0,1216.0,1148.0,1214.0,796.6575320000001,346500
2005-09-05,1236.0,1334.0,1220.0,1320.0,866.2174679999999,1797000
2005-09-06,1320.0,1362.0,1276.0,1356.0,889.841553,1008500
2005-09-07,1374.0,1396.0,1322.0,1332.0,874.092285,618000
2005-09-08,1336.0,1384.0,1300.0,1318.0,864.9048460000001,601500
2005-09-09,1318.0,1360.0,1300.0,1304.0,855.7178960000001,152500
2005-09-12,1306.0,1358.0,1268.0,1270.0,833.4061280000001,406500
2005-09-13,1260.0,1284.0,1200.0,1202.0,788.782776,782000
2005-09-14,1182.0,1226.0,1182.0,1200.0,787.470398,438000
2005-09-15,1156.0,1234.0,1110.0,1230.0,807.157104,1347500
2005-09-16,1220.0,1414.0,1220.0,1414.0,927.902588,2261000
2005-09-20,1470.0,1554.0,1462.0,1492.0,979.088196,1954500
2005-09-21,1480.0,1610.0,1424.0,1540.0,1010.586975,1774500
2005-09-22,1540.0,1574.0,1484.0,1530.0,1004.024719,1148500
2005-09-23,1566.0,1670.0,1504.0,1600.0,1049.960449,2336000
2005-09-26,1560.0,1638.0,1552.0,1590.0,1043.398193,816500
2005-09-27,1600.0,1600.0,1536.0,1560.0,1023.7114869999999,853000
2005-09-28,1550.0,1600.0,1524.0,1538.0,1009.2744140000001,1183500
2005-09-29,1532.0,1574.0,1518.0,1536.0,1007.9620359999999,616500
2005-09-30,1560.0,1736.0,1544.0,1690.0,1109.02063,1504500
2005-10-04,1706.0,1724.0,1660.0,1724.0,1131.3323970000001,684000
2005-10-05,1700.0,1868.0,1666.0,1666.0,1093.27124,2575000
2005-10-06,1642.0,1700.0,1616.0,1660.0,1089.3339839999999,974500
2005-10-07,1654.0,1772.0,1644.0,1750.0,1148.394165,925500
2005-10-10,1740.0,1772.0,1700.0,1756.0,1152.331665,553500
2005-10-11,1740.0,1760.0,1720.0,1760.0,1154.956543,382500
2005-10-12,1760.0,1872.0,1760.0,1804.0,1183.830444,972500
2005-10-13,1780.0,1818.0,1740.0,1772.0,1162.831299,435500
2005-10-14,1742.0,1762.0,1680.0,1680.0,1102.458374,1146000
2005-10-17,1640.0,1726.0,1640.0,1676.0,1099.833618,315000
2005-10-18,1646.0,1690.0,1640.0,1640.0,1076.209351,308000
2005-10-19,1632.0,1656.0,1570.0,1610.0,1056.522705,408000
2005-10-20,1622.0,1696.0,1608.0,1608.0,1055.210205,566500
2005-10-21,1576.0,1606.0,1540.0,1566.0,1027.648682,519000
2005-10-24,1560.0,1660.0,1560.0,1632.0,1070.959595,310000
2005-10-25,1636.0,1770.0,1636.0,1680.0,1102.458374,1067000
2005-10-26,1700.0,1756.0,1646.0,1668.0,1094.5839839999999,627000
2005-10-27,1652.0,1672.0,1626.0,1630.0,1069.647217,332000
2005-10-28,1586.0,1662.0,1586.0,1636.0,1073.5844730000001,771500
2005-10-31,1636.0,1660.0,1540.0,1594.0,1046.023071,669500
2005-11-01,1594.0,1650.0,1580.0,1600.0,1049.960449,567500
2005-11-02,1602.0,1660.0,1586.0,1616.0,1060.460083,786000
2005-11-03,1630.0,1660.0,1628.0,1638.0,1074.897095,431500
2005-11-04,1642.0,1732.0,1642.0,1696.0,1112.958008,816000
2005-11-07,1686.0,1710.0,1636.0,1650.0,1082.771606,325000
2005-11-08,1652.0,1768.0,1630.0,1632.0,1070.959595,2900500
2005-11-09,1630.0,1678.0,1500.0,1538.0,1009.2744140000001,1323000
2005-11-10,1540.0,1576.0,1472.0,1544.0,1013.2118529999999,638500
2005-11-11,1544.0,1570.0,1530.0,1540.0,1010.586975,513000
2005-11-14,1540.0,1564.0,1508.0,1512.0,992.212708,476500
2005-11-15,1520.0,1544.0,1496.0,1514.0,993.5249630000001,533500
2005-11-16,1502.0,1536.0,1440.0,1446.0,948.901794,857000
2005-11-17,1438.0,1448.0,1400.0,1418.0,930.527527,1029000
2005-11-18,1428.0,1434.0,1332.0,1350.0,885.904114,2095500
2005-11-21,1350.0,1430.0,1350.0,1392.0,913.4657589999999,1113500
2005-11-22,1384.0,1416.0,1354.0,1360.0,892.4664310000001,985000
2005-11-23,1364.0,1440.0,1364.0,1390.0,912.1531369999999,1000500
2005-11-24,1436.0,1458.0,1410.0,1420.0,931.839966,870500
2005-11-25,1424.0,1444.0,1408.0,1408.0,923.965149,587000
2005-11-28,1420.0,1554.0,1408.0,1520.0,997.462402,1530500
2005-11-29,1492.0,1520.0,1470.0,1488.0,976.46344,551500
2005-11-30,1480.0,1498.0,1470.0,1480.0,971.213501,689000
2005-12-01,1468.0,1580.0,1468.0,1560.0,1023.7114869999999,1082000
2005-12-02,1572.0,1664.0,1562.0,1600.0,1049.960449,1623500
2005-12-05,1630.0,1650.0,1590.0,1618.0,1061.772461,667500
2005-12-06,1600.0,1628.0,1530.0,1550.0,1017.1492310000001,817000
2005-12-07,1502.0,1538.0,1486.0,1510.0,990.9001460000001,669500
2005-12-08,1492.0,1504.0,1460.0,1490.0,977.775635,828500
2005-12-09,1468.0,1538.0,1468.0,1530.0,1004.024719,404000
2005-12-12,1504.0,1602.0,1504.0,1602.0,1051.272827,455000
2005-12-13,1604.0,1618.0,1576.0,1600.0,1049.960449,402000
2005-12-14,1646.0,1646.0,1580.0,1616.0,1060.460083,335500
2005-12-15,1606.0,1638.0,1554.0,1558.0,1022.399048,584500
2005-12-16,1540.0,1540.0,1490.0,1520.0,997.462402,319000
2005-12-19,1560.0,1628.0,1522.0,1612.0,1057.835083,677000
2005-12-20,1638.0,1698.0,1532.0,1556.0,1021.0866699999999,1620000
2005-12-21,1582.0,1582.0,1500.0,1568.0,1028.961304,434500
2005-12-22,1580.0,1580.0,1450.0,1516.0,994.8376460000001,922000
2005-12-23,1468.0,1528.0,1438.0,1520.0,997.462402,397000
2005-12-26,1510.0,1540.0,1502.0,1514.0,993.5249630000001,314000
2005-12-27,1500.0,1592.0,1486.0,1560.0,1023.7114869999999,718000
2005-12-28,1532.0,1576.0,1532.0,1576.0,1034.2110599999999,311500
2005-12-29,1568.0,1630.0,1568.0,1620.0,1063.084839,894000
2006-01-02,1642.0,1740.0,1642.0,1680.0,1102.458374,1303000
2006-01-03,1700.0,1720.0,1622.0,1648.0,1081.459351,679500
2006-01-04,1648.0,1650.0,1590.0,1610.0,1056.522705,801000
2006-01-05,1616.0,1620.0,1566.0,1590.0,1043.398193,467000
2006-01-06,1572.0,1640.0,1562.0,1574.0,1032.8985599999999,988500
2006-01-09,1580.0,1638.0,1544.0,1544.0,1013.2118529999999,504000
2006-01-10,1548.0,1578.0,1508.0,1516.0,994.8376460000001,295000
2006-01-11,1498.0,1546.0,1498.0,1542.0,1011.899292,332000
2006-01-12,1542.0,1580.0,1510.0,1526.0,1001.3997800000001,386500
2006-01-13,1518.0,1540.0,1508.0,1528.0,1002.712219,246000
2006-01-16,1506.0,1524.0,1440.0,1490.0,977.775635,518000
2006-01-17,1482.0,1510.0,1460.0,1474.0,967.2761230000001,341000
2006-01-18,1420.0,1450.0,1254.0,1318.0,864.9048460000001,1543500
2006-01-19,1290.0,1336.0,1250.0,1328.0,871.467285,865000
2006-01-20,1326.0,1340.0,1160.0,1180.0,774.3458860000001,625000
2006-01-23,1110.0,1160.0,1080.0,1114.0,731.034912,1330000
2006-01-24,1094.0,1178.0,1022.0,1178.0,773.0333860000001,614000
2006-01-25,1168.0,1260.0,1168.0,1242.0,815.031799,517000
2006-01-26,1230.0,1242.0,1198.0,1242.0,815.031799,439000
2006-01-27,1248.0,1418.0,1248.0,1380.0,905.5908810000001,581500
2006-01-31,1370.0,1418.0,1350.0,1374.0,901.6535029999999,328000
2006-02-01,1364.0,1400.0,1280.0,1336.0,876.717041,492500
2006-02-02,1340.0,1440.0,1294.0,1430.0,938.402222,548500
2006-02-03,1414.0,1448.0,1362.0,1400.0,918.7154539999999,342500
2006-02-06,1342.0,1444.0,1342.0,1430.0,938.402222,638000
2006-02-07,1430.0,1486.0,1370.0,1464.0,960.7137449999999,309500
2006-02-08,1450.0,1480.0,1440.0,1476.0,968.5885619999999,627000
2006-02-09,1480.0,1538.0,1446.0,1538.0,1009.2744140000001,604500
2006-02-10,1522.0,1590.0,1522.0,1590.0,1043.398193,836500
2006-02-13,1582.0,1610.0,1540.0,1566.0,1027.648682,942500
2006-02-14,1500.0,1570.0,1456.0,1480.0,971.213501,411500
2006-02-15,1482.0,1506.0,1456.0,1480.0,971.213501,255500
2006-02-16,1452.0,1610.0,1452.0,1578.0,1035.5235599999999,744000
2006-02-17,1560.0,1600.0,1550.0,1576.0,1034.2110599999999,305500
2006-02-20,1560.0,1560.0,1476.0,1528.0,1002.712219,414500
2006-02-21,1520.0,1540.0,1456.0,1492.0,979.088196,402000
2006-02-22,1508.0,1538.0,1460.0,1480.0,971.213501,501500
2006-02-23,1472.0,1492.0,1438.0,1478.0,969.90094,257500
2006-02-24,1466.0,1482.0,1444.0,1464.0,960.7137449999999,357000
2006-02-27,1470.0,1492.0,1460.0,1486.0,975.150635,442500
2006-02-28,1486.0,1486.0,1456.0,1462.0,959.4013669999999,237000
2006-03-02,1462.0,1468.0,1436.0,1440.0,944.9643550000001,392500
2006-03-03,1422.0,1442.0,1362.0,1420.0,931.839966,545000
2006-03-06,1444.0,1520.0,1440.0,1490.0,977.775635,465500
2006-03-07,1444.0,1484.0,1430.0,1444.0,947.5893550000001,352000
2006-03-08,1430.0,1556.0,1430.0,1540.0,1010.586975,699500
2006-03-09,1580.0,1670.0,1576.0,1660.0,1089.3339839999999,1667500
2006-03-10,1630.0,1700.0,1614.0,1630.0,1069.647217,826000
2006-03-13,1660.0,1660.0,1554.0,1576.0,1034.2110599999999,449500
2006-03-14,1550.0,1622.0,1550.0,1602.0,1051.272827,432000
2006-03-15,1602.0,1650.0,1602.0,1624.0,1065.709717,484000
2006-03-16,1624.0,1660.0,1580.0,1640.0,1076.209351,790500
2006-03-17,1640.0,1680.0,1620.0,1680.0,1102.458374,1044000
2006-03-20,1640.0,1678.0,1580.0,1600.0,1049.960449,759000
2006-03-21,1564.0,1600.0,1530.0,1530.0,1004.024719,328500
2006-03-22,1506.0,1580.0,1484.0,1558.0,1022.399048,843000
2006-03-23,1544.0,1580.0,1532.0,1566.0,1027.648682,249000
2006-03-24,1526.0,1566.0,1506.0,1564.0,1026.336426,134500
2006-03-27,1540.0,1654.0,1514.0,1514.0,993.5249630000001,323500
2006-03-28,1506.0,1536.0,1488.0,1520.0,997.462402,206500
2006-03-29,1500.0,1534.0,1474.0,1528.0,1002.712219,90500
2006-03-30,1502.0,1598.0,1502.0,1558.0,1022.399048,152000
2006-03-31,1560.0,1592.0,1558.0,1590.0,1043.398193,491500
2006-04-03,1614.0,1620.0,1576.0,1590.0,1043.398193,324000
2006-04-04,1570.0,1610.0,1510.0,1560.0,1023.7114869999999,538500
2006-04-05,1560.0,1574.0,1522.0,1542.0,1011.899292,268000
2006-04-06,1570.0,1620.0,1538.0,1566.0,1027.648682,275000
2006-04-07,1570.0,1598.0,1552.0,1566.0,1027.648682,131000
2006-04-10,1532.0,1594.0,1532.0,1538.0,1009.2744140000001,324000
2006-04-11,1588.0,1588.0,1540.0,1556.0,1021.0866699999999,129000
2006-04-12,1540.0,1582.0,1524.0,1574.0,1032.8985599999999,496000
2006-04-13,1560.0,1588.0,1554.0,1556.0,1021.0866699999999,177000
2006-04-14,1556.0,1598.0,1532.0,1598.0,1048.647949,328500
2006-04-17,1656.0,1658.0,1582.0,1592.0,1044.710571,476500
2006-04-18,1598.0,1614.0,1552.0,1590.0,1043.398193,208000
2006-04-19,1592.0,1600.0,1550.0,1550.0,1017.1492310000001,215000
2006-04-20,1542.0,1568.0,1478.0,1500.0,984.338013,483000
2006-04-21,1500.0,1540.0,1482.0,1530.0,1004.024719,213500
2006-04-24,1518.0,1536.0,1488.0,1510.0,990.9001460000001,232500
2006-04-25,1494.0,1526.0,1464.0,1520.0,997.462402,293000
2006-04-26,1496.0,1560.0,1482.0,1498.0,983.025452,390000
2006-04-27,1490.0,1530.0,1470.0,1528.0,1002.712219,386500
2006-04-28,1498.0,1528.0,1440.0,1494.0,980.400452,481500
2006-05-02,1488.0,1488.0,1450.0,1450.0,951.5266109999999,141500
2006-05-03,1432.0,1458.0,1370.0,1370.0,899.028625,487500
2006-05-04,1364.0,1380.0,1300.0,1362.0,893.7788699999999,344000
2006-05-08,1372.0,1450.0,1372.0,1414.0,927.902588,263500
2006-05-09,1400.0,1432.0,1380.0,1414.0,927.902588,106000
2006-05-10,1384.0,1438.0,1384.0,1412.0,926.590149,116500
2006-05-11,1398.0,1446.0,1368.0,1376.0,902.9660640000001,154500
2006-05-12,1378.0,1434.0,1364.0,1426.0,935.777283,175500
2006-05-15,1440.0,1440.0,1364.0,1416.0,929.214966,82500
2006-05-16,1426.0,1426.0,1330.0,1384.0,908.2158810000001,72500
2006-05-17,1360.0,1396.0,1354.0,1390.0,912.1531369999999,40500
2006-05-18,1344.0,1370.0,1320.0,1320.0,866.2174679999999,79000
2006-05-19,1354.0,1396.0,1282.0,1380.0,905.5908810000001,221000
2006-05-22,1390.0,1390.0,1302.0,1312.0,860.9676509999999,108000
2006-05-23,1356.0,1356.0,1302.0,1304.0,855.7178960000001,88500
2006-05-24,1304.0,1328.0,1260.0,1290.0,846.5306400000001,91500
2006-05-25,1270.0,1290.0,1210.0,1210.0,794.032654,151500
2006-05-26,1222.0,1250.0,1202.0,1226.0,804.532288,118500
2006-05-29,1226.0,1258.0,1220.0,1232.0,808.4695429999999,113500
2006-05-30,1220.0,1340.0,1210.0,1336.0,876.717041,109500
2006-06-01,1282.0,1340.0,1256.0,1272.0,834.7186280000001,47500
2006-06-02,1252.0,1282.0,1220.0,1270.0,833.4061280000001,144500
2006-06-05,1270.0,1270.0,1226.0,1226.0,804.532288,25500
2006-06-07,1190.0,1192.0,1060.0,1176.0,771.721069,162000
2006-06-08,1198.0,1260.0,1104.0,1246.0,817.656738,265500
2006-06-09,1250.0,1278.0,1218.0,1266.0,830.7811889999999,28000
2006-06-12,1266.0,1270.0,1228.0,1236.0,811.0944820000001,39500
2006-06-13,1264.0,1264.0,1190.0,1242.0,815.031799,1099000
2006-06-14,1260.0,1260.0,1224.0,1236.0,811.0944820000001,16000
2006-06-15,1246.0,1298.0,1246.0,1286.0,843.9057619999999,73500
2006-06-16,1270.0,1326.0,1268.0,1298.0,851.7804570000001,27000
2006-06-19,1232.0,1280.0,1222.0,1264.0,829.46875,12000
2006-06-20,1280.0,1280.0,1160.0,1200.0,787.470398,128000
2006-06-21,1172.0,1200.0,1082.0,1090.0,715.285583,318500
2006-06-22,1122.0,1178.0,1120.0,1130.0,741.534546,76500
2006-06-23,1152.0,1152.0,1110.0,1148.0,753.3467410000001,78500
2006-06-26,1104.0,1160.0,1060.0,1140.0,748.0969240000001,586500
2006-06-27,1154.0,1154.0,1050.0,1060.0,695.598938,232500
2006-06-28,1030.0,1108.0,1030.0,1108.0,727.0976559999999,274500
2006-06-29,1118.0,1164.0,1096.0,1150.0,754.659119,367000
2006-06-30,1134.0,1160.0,1102.0,1128.0,740.222107,276000
2006-07-03,1114.0,1198.0,1084.0,1102.0,723.160217,163500
2006-07-04,1110.0,1132.0,1070.0,1084.0,711.348206,155500
2006-07-05,1050.0,1066.0,1040.0,1058.0,694.2863769999999,435000
2006-07-06,1090.0,1090.0,1048.0,1060.0,695.598938,119500
2006-07-07,1050.0,1086.0,1050.0,1064.0,698.223755,83000
2006-07-10,1064.0,1138.0,1054.0,1084.0,711.348206,118500
2006-07-11,1120.0,1130.0,1080.0,1116.0,732.347473,237000
2006-07-12,1110.0,1110.0,1076.0,1080.0,708.723328,829500
2006-07-13,1122.0,1242.0,1122.0,1242.0,815.031799,1579000
2006-07-14,1260.0,1414.0,1178.0,1224.0,803.2197269999999,1993000
2006-07-18,1230.0,1268.0,1182.0,1232.0,808.4695429999999,418500
2006-07-19,1232.0,1290.0,1132.0,1180.0,774.3458860000001,365000
2006-07-20,1190.0,1230.0,1180.0,1230.0,807.157104,209000
2006-07-21,1250.0,1358.0,1206.0,1322.0,867.529785,573500
2006-07-24,1378.0,1378.0,1300.0,1338.0,878.029419,315000
2006-07-25,1302.0,1352.0,1302.0,1316.0,863.5925900000001,134500
2006-07-26,1328.0,1328.0,1250.0,1276.0,837.3435059999999,54000
2006-07-27,1276.0,1276.0,1244.0,1258.0,825.5313719999999,80500
2006-07-28,1278.0,1278.0,1168.0,1258.0,825.5313719999999,319500
2006-07-31,1294.0,1294.0,1222.0,1240.0,813.719299,88000
2006-08-01,1202.0,1268.0,1162.0,1240.0,813.719299,50500
2006-08-02,1256.0,1256.0,1220.0,1238.0,812.406921,121000
2006-08-03,1204.0,1246.0,1144.0,1150.0,754.659119,195000
2006-08-04,1190.0,1190.0,1112.0,1140.0,748.0969240000001,227000
2006-08-07,1198.0,1198.0,1120.0,1128.0,740.222107,67500
2006-08-08,1110.0,1128.0,1100.0,1102.0,723.160217,152500
2006-08-09,1106.0,1160.0,1106.0,1134.0,744.1594240000001,325500
2006-08-11,1170.0,1180.0,1112.0,1134.0,744.1594240000001,219500
2006-08-14,1114.0,1134.0,1060.0,1060.0,695.598938,128500
2006-08-16,1070.0,1100.0,1056.0,1060.0,695.598938,115500
2006-08-17,1062.0,1100.0,1056.0,1066.0,699.5361330000001,89500
2006-08-18,1068.0,1068.0,1012.0,1040.0,682.474243,106000
2006-08-21,1014.0,1196.0,1014.0,1184.0,776.970825,2855500
2006-08-22,1150.0,1170.0,1090.0,1098.0,720.535339,802500
2006-08-23,1090.0,1104.0,1040.0,1070.0,702.161011,418500
2006-08-24,1054.0,1078.0,1054.0,1058.0,694.2863769999999,104000
2006-08-25,1060.0,1078.0,1060.0,1064.0,698.223755,159000
2006-08-28,1066.0,1092.0,1024.0,1062.0,696.911316,555000
2006-08-29,1062.0,1162.0,1062.0,1076.0,706.098389,203000
2006-08-30,1088.0,1098.0,1076.0,1096.0,719.222961,610000
2006-08-31,1096.0,1116.0,1080.0,1106.0,725.7851559999999,222000
2006-09-01,1106.0,1138.0,1100.0,1138.0,746.7844240000001,355000
2006-09-04,1150.0,1174.0,1116.0,1152.0,755.971558,348500
2006-09-05,1160.0,1172.0,1120.0,1146.0,752.03418,231000
2006-09-06,1154.0,1158.0,1120.0,1130.0,741.534546,68000
2006-09-07,1114.0,1144.0,1106.0,1130.0,741.534546,164000
2006-09-08,1108.0,1140.0,1108.0,1136.0,745.4719240000001,61500
2006-09-11,1150.0,1150.0,1100.0,1100.0,721.847839,55000
2006-09-12,1100.0,1120.0,1070.0,1084.0,711.348206,144500
2006-09-13,1120.0,1120.0,1090.0,1108.0,727.0976559999999,37000
2006-09-14,1082.0,1120.0,1082.0,1108.0,727.0976559999999,52500
2006-09-15,1130.0,1130.0,1080.0,1096.0,719.222961,43000
2006-09-18,1086.0,1100.0,1080.0,1098.0,720.535339,65500
2006-09-19,1086.0,1098.0,1084.0,1096.0,719.222961,42000
2006-09-20,1082.0,1096.0,1082.0,1090.0,715.285583,41500
2006-09-21,1092.0,1096.0,1066.0,1066.0,699.5361330000001,197500
2006-09-22,1062.0,1080.0,1052.0,1052.0,690.34906,34500
2006-09-25,1052.0,1058.0,1020.0,1048.0,687.724121,153000
2006-09-26,1040.0,1058.0,1028.0,1050.0,689.036499,170000
2006-09-27,1060.0,1150.0,1052.0,1144.0,750.7218019999999,373000
2006-09-28,1144.0,1144.0,1086.0,1128.0,740.222107,159000
2006-09-29,1114.0,1158.0,1114.0,1138.0,746.7844240000001,129000
2006-10-02,1138.0,1144.0,1124.0,1130.0,741.534546,102000
2006-10-04,1100.0,1156.0,1100.0,1124.0,737.597229,91500
2006-10-09,1124.0,1136.0,994.0,1042.0,683.786743,214500
2006-10-10,1042.0,1144.0,1026.0,1140.0,748.0969240000001,396000
2006-10-11,1136.0,1190.0,1116.0,1150.0,754.659119,270500
2006-10-12,1134.0,1168.0,1120.0,1144.0,750.7218019999999,84000
2006-10-13,1146.0,1250.0,1146.0,1230.0,807.157104,387500
2006-10-16,1234.0,1240.0,1200.0,1222.0,801.9073490000001,183500
2006-10-17,1236.0,1236.0,1160.0,1200.0,787.470398,186500
2006-10-18,1200.0,1258.0,1170.0,1258.0,825.5313719999999,279500
2006-10-19,1276.0,1276.0,1236.0,1250.0,820.281616,202000
2006-10-20,1260.0,1290.0,1242.0,1268.0,832.0936889999999,179000
2006-10-23,1288.0,1288.0,1220.0,1274.0,836.0310059999999,145000
2006-10-24,1280.0,1368.0,1232.0,1250.0,820.281616,713500
2006-10-25,1268.0,1268.0,1230.0,1240.0,813.719299,178500
2006-10-26,1260.0,1264.0,1216.0,1234.0,809.7820429999999,222500
2006-10-27,1220.0,1238.0,1202.0,1238.0,812.406921,83500
2006-10-30,1210.0,1240.0,1210.0,1232.0,808.4695429999999,216000
2006-10-31,1240.0,1252.0,1222.0,1248.0,818.969177,100000
2006-11-01,1256.0,1280.0,1238.0,1258.0,825.5313719999999,182500
2006-11-02,1258.0,1320.0,1240.0,1300.0,853.0929570000001,429000
2006-11-03,1300.0,1318.0,1268.0,1300.0,853.0929570000001,403500
2006-11-06,1318.0,1318.0,1280.0,1292.0,847.8430179999999,190000
2006-11-07,1314.0,1314.0,1290.0,1298.0,851.7804570000001,196000
2006-11-08,1270.0,1324.0,1270.0,1294.0,849.1555179999999,203000
2006-11-09,1300.0,1318.0,1292.0,1302.0,854.4052730000001,127500
2006-11-10,1302.0,1306.0,1272.0,1282.0,841.280823,158500
2006-11-13,1296.0,1296.0,1264.0,1284.0,842.5931400000001,110500
2006-11-14,1276.0,1292.0,1276.0,1284.0,842.5931400000001,197000
2006-11-15,1282.0,1290.0,1260.0,1286.0,843.9057619999999,441000
2006-11-16,1268.0,1280.0,1258.0,1270.0,833.4061280000001,202000
2006-11-17,1288.0,1288.0,1242.0,1270.0,833.4061280000001,143000
2006-11-20,1268.0,1268.0,1230.0,1250.0,820.281616,263000
2006-11-21,1250.0,1256.0,1200.0,1218.0,799.282471,361000
2006-11-22,1240.0,1240.0,1198.0,1206.0,791.407654,351500
2006-11-23,1206.0,1210.0,1194.0,1194.0,783.532959,135000
2006-11-24,1202.0,1276.0,1184.0,1204.0,790.095276,710000
2006-11-27,1204.0,1220.0,1180.0,1202.0,788.782776,282500
2006-11-28,1200.0,1200.0,1176.0,1184.0,776.970825,232500
2006-11-29,1178.0,1210.0,1178.0,1196.0,784.845459,259500
2006-11-30,1196.0,1236.0,1190.0,1200.0,787.470398,446500
2006-12-01,1226.0,1226.0,1200.0,1200.0,787.470398,178500
2006-12-04,1202.0,1210.0,1172.0,1196.0,784.845459,311500
2006-12-05,1200.0,1256.0,1200.0,1220.0,800.594971,268000
2006-12-06,1240.0,1256.0,1220.0,1256.0,824.218933,357000
2006-12-07,1260.0,1420.0,1256.0,1348.0,884.591675,1232000
2006-12-08,1348.0,1402.0,1320.0,1380.0,905.5908810000001,600000
2006-12-11,1398.0,1430.0,1366.0,1428.0,937.089783,539000
2006-12-12,1428.0,1460.0,1372.0,1380.0,905.5908810000001,462000
2006-12-13,1370.0,1412.0,1370.0,1406.0,922.6527710000001,739500
2006-12-14,1394.0,1410.0,1376.0,1408.0,923.965149,339500
2006-12-15,1390.0,1430.0,1390.0,1406.0,922.6527710000001,348000
2006-12-18,1418.0,1558.0,1408.0,1510.0,990.9001460000001,1622500
2006-12-19,1500.0,1616.0,1500.0,1550.0,1017.1492310000001,1448500
2006-12-20,1550.0,1562.0,1500.0,1500.0,984.338013,1307500
2006-12-21,1500.0,1592.0,1488.0,1562.0,1025.023804,768000
2006-12-22,1570.0,1636.0,1554.0,1578.0,1035.5235599999999,718500
2006-12-26,1580.0,1580.0,1476.0,1476.0,968.5885619999999,755000
2006-12-27,1476.0,1550.0,1440.0,1462.0,959.4013669999999,144500
2006-12-28,1470.0,1660.0,1470.0,1634.0,1072.272095,1546500
2007-01-02,1628.0,1634.0,1520.0,1634.0,1072.272095,687500
2007-01-03,1604.0,1720.0,1604.0,1698.0,1114.27063,582000
2007-01-04,1682.0,1740.0,1682.0,1716.0,1126.08252,458000
2007-01-05,1686.0,1750.0,1660.0,1696.0,1112.958008,288500
2007-01-08,1672.0,1704.0,1640.0,1640.0,1076.209351,234500
2007-01-09,1620.0,1676.0,1620.0,1626.0,1067.022339,142500
2007-01-10,1626.0,1640.0,1550.0,1598.0,1048.647949,380500
2007-01-11,1584.0,1650.0,1584.0,1622.0,1064.397461,181500
2007-01-12,1652.0,1652.0,1600.0,1612.0,1057.835083,115500
2007-01-15,1602.0,1640.0,1602.0,1612.0,1057.835083,203500
2007-01-16,1602.0,1628.0,1582.0,1590.0,1043.398193,187500
2007-01-17,1592.0,1596.0,1560.0,1578.0,1035.5235599999999,76500
2007-01-18,1600.0,1600.0,1544.0,1580.0,1036.8360599999999,209500
2007-01-19,1598.0,1598.0,1500.0,1546.0,1014.5241699999999,205500
2007-01-22,1530.0,1578.0,1490.0,1496.0,981.713196,167000
2007-01-23,1480.0,1480.0,1404.0,1440.0,944.9643550000001,314000
2007-01-24,1438.0,1488.0,1422.0,1454.0,954.1514890000001,133000
2007-01-25,1444.0,1500.0,1430.0,1490.0,977.775635,387500
2007-01-26,1500.0,1580.0,1480.0,1560.0,1023.7114869999999,250000
2007-01-29,1560.0,1636.0,1560.0,1600.0,1049.960449,520500
2007-01-30,1600.0,1620.0,1540.0,1590.0,1043.398193,98000
2007-01-31,1590.0,1590.0,1476.0,1490.0,977.775635,221500
2007-02-01,1468.0,1538.0,1468.0,1512.0,992.212708,79500
2007-02-02,1512.0,1550.0,1502.0,1528.0,1002.712219,98000
2007-02-05,1530.0,1538.0,1492.0,1506.0,988.2751460000001,123000
2007-02-06,1500.0,1514.0,1488.0,1504.0,986.963013,87500
2007-02-07,1502.0,1516.0,1470.0,1506.0,988.2751460000001,84000
2007-02-08,1510.0,1510.0,1450.0,1468.0,963.3386230000001,181000
2007-02-09,1454.0,1480.0,1440.0,1458.0,956.7764279999999,189500
2007-02-12,1426.0,1472.0,1418.0,1466.0,962.0263060000001,148500
2007-02-13,1480.0,1640.0,1462.0,1580.0,1036.8360599999999,823500
2007-02-14,1568.0,1610.0,1536.0,1570.0,1030.273682,310500
2007-02-15,1580.0,1584.0,1530.0,1556.0,1021.0866699999999,254000
2007-02-16,1534.0,1598.0,1484.0,1598.0,1048.647949,395000
2007-02-20,1600.0,1644.0,1582.0,1600.0,1049.960449,306500
2007-02-21,1608.0,1608.0,1554.0,1590.0,1043.398193,209500
2007-02-22,1590.0,1620.0,1558.0,1598.0,1048.647949,244500
2007-02-23,1572.0,1600.0,1570.0,1598.0,1048.647949,242500
2007-02-26,1640.0,1836.0,1640.0,1760.0,1154.956543,2378000
2007-02-27,1760.0,1788.0,1712.0,1756.0,1152.331665,320000
2007-02-28,1620.0,1720.0,1612.0,1706.0,1119.520386,383000
2007-03-05,1672.0,1734.0,1620.0,1658.0,1088.0214839999999,573000
2007-03-06,1658.0,1738.0,1650.0,1726.0,1132.6448970000001,207500
2007-03-07,1730.0,1890.0,1730.0,1824.0,1196.955078,803000
2007-03-08,1828.0,1838.0,1780.0,1802.0,1182.517944,326500
2007-03-09,1810.0,1812.0,1790.0,1800.0,1181.205322,200000
2007-03-12,1846.0,1960.0,1846.0,1940.0,1273.077026,1119500
2007-03-13,1960.0,1978.0,1922.0,1938.0,1271.764648,659500
2007-03-14,1910.0,1930.0,1842.0,1848.0,1212.704468,470000
2007-03-15,1832.0,1890.0,1790.0,1800.0,1181.205322,587500
2007-03-16,1800.0,1894.0,1790.0,1806.0,1185.142822,475500
2007-03-19,1820.0,1840.0,1770.0,1770.0,1161.518555,577000
2007-03-20,1782.0,1850.0,1780.0,1840.0,1207.45459,350500
2007-03-21,1842.0,1862.0,1790.0,1790.0,1174.643188,280000
2007-03-22,1820.0,1830.0,1780.0,1794.0,1177.268066,178500
2007-03-23,1794.0,1810.0,1740.0,1760.0,1154.956543,237500
2007-03-26,1752.0,1752.0,1652.0,1670.0,1095.896118,512500
2007-03-27,1690.0,1700.0,1662.0,1698.0,1114.27063,91000
2007-03-28,1670.0,1704.0,1630.0,1640.0,1076.209351,259500
2007-03-29,1640.0,1660.0,1600.0,1660.0,1089.3339839999999,155000
2007-03-30,1660.0,1680.0,1604.0,1632.0,1070.959595,236000
2007-04-02,1632.0,1646.0,1560.0,1638.0,1074.897095,346000
2007-04-03,1610.0,1648.0,1574.0,1636.0,1073.5844730000001,459500
2007-04-04,1622.0,1678.0,1622.0,1660.0,1089.3339839999999,251500
2007-04-05,1660.0,1670.0,1630.0,1632.0,1070.959595,124000
2007-04-06,1664.0,1700.0,1632.0,1700.0,1115.583008,219500
2007-04-09,1700.0,1730.0,1682.0,1706.0,1119.520386,226000
2007-04-10,1718.0,1728.0,1680.0,1680.0,1102.458374,190000
2007-04-11,1698.0,1698.0,1614.0,1650.0,1082.771606,342500
2007-04-12,1632.0,1668.0,1620.0,1640.0,1076.209351,104500
2007-04-13,1660.0,1696.0,1630.0,1664.0,1091.958862,373500
2007-04-16,1658.0,1800.0,1644.0,1716.0,1126.08252,625000
2007-04-17,1756.0,1756.0,1674.0,1674.0,1098.521118,161500
2007-04-18,1674.0,1674.0,1614.0,1640.0,1076.209351,327500
2007-04-19,1634.0,1660.0,1600.0,1636.0,1073.5844730000001,202000
2007-04-20,1630.0,1640.0,1590.0,1636.0,1073.5844730000001,234000
2007-04-23,1636.0,1646.0,1592.0,1592.0,1044.710571,255500
2007-04-24,1600.0,1600.0,1544.0,1550.0,1017.1492310000001,398500
2007-04-25,1550.0,1570.0,1476.0,1556.0,1021.0866699999999,473000
2007-04-26,1570.0,1570.0,1508.0,1520.0,997.462402,151500
2007-04-27,1504.0,1638.0,1460.0,1550.0,1017.1492310000001,570500
2007-04-30,1542.0,1600.0,1530.0,1570.0,1030.273682,106000
2007-05-02,1580.0,1580.0,1526.0,1556.0,1021.0866699999999,94500
2007-05-03,1542.0,1572.0,1520.0,1558.0,1022.399048,87500
2007-05-04,1564.0,1570.0,1528.0,1554.0,1019.774109,80000
2007-05-07,1554.0,1612.0,1554.0,1610.0,1056.522705,329000
2007-05-08,1592.0,1638.0,1590.0,1590.0,1043.398193,453500
2007-05-09,1590.0,1600.0,1506.0,1556.0,1021.0866699999999,168000
2007-05-10,1550.0,1576.0,1500.0,1536.0,1007.9620359999999,211000
2007-05-11,1522.0,1536.0,1480.0,1510.0,990.9001460000001,214000
2007-05-14,1510.0,1582.0,1490.0,1498.0,983.025452,550500
2007-05-15,1480.0,1506.0,1470.0,1500.0,984.338013,145500
2007-05-16,1500.0,1500.0,1432.0,1448.0,950.2141720000001,275000
2007-05-17,1440.0,1464.0,1266.0,1410.0,925.277649,707000
2007-05-18,1410.0,1462.0,1320.0,1458.0,956.7764279999999,366500
2007-05-21,1416.0,1474.0,1416.0,1438.0,943.651917,168500
2007-05-22,1442.0,1484.0,1432.0,1432.0,939.7145390000001,133000
2007-05-23,1432.0,1440.0,1396.0,1434.0,941.0271,172000
2007-05-25,1434.0,1444.0,1388.0,1418.0,930.527527,184500
2007-05-28,1418.0,1434.0,1392.0,1416.0,929.214966,214000
2007-05-29,1424.0,1424.0,1392.0,1420.0,931.839966,358500
2007-05-30,1438.0,1444.0,1406.0,1430.0,938.402222,201500
2007-05-31,1428.0,1438.0,1406.0,1418.0,930.527527,152000
2007-06-01,1418.0,1420.0,1338.0,1360.0,892.4664310000001,557500
2007-06-04,1360.0,1372.0,1314.0,1316.0,863.5925900000001,243000
2007-06-05,1322.0,1414.0,1316.0,1390.0,912.1531369999999,2027000
2007-06-07,1400.0,1424.0,1372.0,1390.0,912.1531369999999,375500
2007-06-08,1414.0,1414.0,1376.0,1378.0,904.2783810000001,147000
2007-06-11,1378.0,1410.0,1348.0,1358.0,891.1539310000001,107500
2007-06-12,1344.0,1398.0,1344.0,1396.0,916.0904539999999,146000
2007-06-13,1400.0,1590.0,1400.0,1562.0,1025.023804,530000
2007-06-14,1562.0,1604.0,1506.0,1536.0,1007.9620359999999,250000
2007-06-15,1536.0,1552.0,1430.0,1502.0,985.650208,222500
2007-06-18,1510.0,1538.0,1490.0,1514.0,993.5249630000001,258000
2007-06-19,1698.0,1698.0,1546.0,1546.0,1014.5241699999999,484000
2007-06-20,1542.0,1556.0,1480.0,1500.0,984.338013,208500
2007-06-21,1500.0,1500.0,1446.0,1462.0,959.4013669999999,212500
2007-06-22,1476.0,1494.0,1448.0,1480.0,971.213501,192000
2007-06-25,1490.0,1490.0,1432.0,1438.0,943.651917,339000
2007-06-26,1438.0,1444.0,1350.0,1380.0,905.5908810000001,247000
2007-06-27,1372.0,1378.0,1270.0,1290.0,846.5306400000001,413500
2007-06-28,1290.0,1336.0,1290.0,1320.0,866.2174679999999,141500
2007-06-29,1296.0,1358.0,1292.0,1334.0,875.40448,211500
2007-07-02,1334.0,1344.0,1290.0,1326.0,870.154663,219000
2007-07-03,1310.0,1340.0,1296.0,1326.0,870.154663,236000
2007-07-04,1330.0,1404.0,1330.0,1372.0,900.341125,290500
2007-07-05,1376.0,1390.0,1340.0,1340.0,879.34198,247000
2007-07-06,1340.0,1368.0,1326.0,1342.0,880.654358,154500
2007-07-09,1328.0,1350.0,1286.0,1300.0,853.0929570000001,238000
2007-07-10,1328.0,1328.0,1290.0,1310.0,859.6549679999999,431000
2007-07-11,1310.0,1346.0,1280.0,1302.0,854.4052730000001,335000
2007-07-12,1302.0,1320.0,1278.0,1284.0,842.5931400000001,411000
2007-07-13,1284.0,1314.0,1268.0,1284.0,842.5931400000001,137500
2007-07-16,1298.0,1298.0,1268.0,1292.0,847.8430179999999,131500
2007-07-18,1276.0,1290.0,1250.0,1272.0,834.7186280000001,159500
2007-07-19,1246.0,1284.0,1242.0,1276.0,837.3435059999999,244000
2007-07-20,1276.0,1288.0,1234.0,1280.0,839.9682619999999,255500
2007-07-23,1280.0,1348.0,1280.0,1320.0,866.2174679999999,261000
2007-07-24,1330.0,1350.0,1308.0,1340.0,879.34198,227500
2007-07-25,1346.0,1428.0,1346.0,1410.0,925.277649,695500
2007-07-26,1410.0,1440.0,1376.0,1418.0,930.527527,376000
2007-07-27,1392.0,1418.0,1364.0,1410.0,925.277649,217000
2007-07-30,1410.0,1420.0,1380.0,1412.0,926.590149,95000
2007-07-31,1420.0,1420.0,1380.0,1420.0,931.839966,172500
2007-08-01,1400.0,1436.0,1390.0,1412.0,926.590149,149500
2007-08-02,1412.0,1424.0,1380.0,1400.0,918.7154539999999,302000
2007-08-03,1382.0,1406.0,1326.0,1360.0,892.4664310000001,258000
2007-08-06,1350.0,1360.0,1300.0,1320.0,866.2174679999999,201000
2007-08-07,1320.0,1336.0,1290.0,1320.0,866.2174679999999,144500
2007-08-08,1318.0,1336.0,1300.0,1318.0,864.9048460000001,51000
2007-08-09,1302.0,1346.0,1302.0,1310.0,859.6549679999999,41000
2007-08-10,1300.0,1326.0,1256.0,1320.0,866.2174679999999,173000
2007-08-14,1374.0,1480.0,1374.0,1430.0,938.402222,357000
2007-08-16,1430.0,1430.0,1290.0,1390.0,912.1531369999999,336000
2007-08-17,1390.0,1392.0,1274.0,1356.0,889.841553,366500
2007-08-20,1356.0,1390.0,1342.0,1386.0,909.5282589999999,127500
2007-08-21,1362.0,1400.0,1360.0,1374.0,901.6535029999999,93000
2007-08-22,1390.0,1398.0,1360.0,1380.0,905.5908810000001,70500
2007-08-23,1390.0,1390.0,1334.0,1336.0,876.717041,262000
2007-08-24,1356.0,1356.0,1314.0,1350.0,885.904114,71000
2007-08-27,1378.0,1408.0,1346.0,1350.0,885.904114,123500
2007-08-28,1348.0,1360.0,1326.0,1352.0,887.216614,134500
2007-08-29,1336.0,1352.0,1286.0,1334.0,875.40448,136000
2007-08-30,1340.0,1360.0,1322.0,1336.0,876.717041,60500
2007-08-31,1322.0,1350.0,1304.0,1344.0,881.966858,62000
2007-09-03,1344.0,1348.0,1300.0,1336.0,876.717041,135000
2007-09-04,1318.0,1350.0,1300.0,1322.0,867.529785,163500
2007-09-05,1302.0,1330.0,1294.0,1330.0,872.779602,281000
2007-09-06,1330.0,1336.0,1296.0,1320.0,866.2174679999999,46000
2007-09-07,1310.0,1340.0,1290.0,1302.0,854.4052730000001,149000
2007-09-10,1262.0,1298.0,1236.0,1250.0,820.281616,223500
2007-09-11,1252.0,1298.0,1236.0,1258.0,825.5313719999999,165500
2007-09-12,1260.0,1400.0,1260.0,1392.0,913.4657589999999,529500
2007-09-13,1398.0,1398.0,1298.0,1356.0,889.841553,134000
2007-09-14,1368.0,1368.0,1312.0,1348.0,884.591675,85000
2007-09-17,1322.0,1360.0,1322.0,1328.0,871.467285,65500
2007-09-18,1318.0,1340.0,1318.0,1336.0,876.717041,78500
2007-09-19,1336.0,1348.0,1300.0,1306.0,857.0302119999999,95500
2007-09-20,1306.0,1306.0,1268.0,1292.0,847.8430179999999,117000
2007-09-21,1306.0,1306.0,1254.0,1284.0,842.5931400000001,26000
2007-09-27,1284.0,1304.0,1266.0,1266.0,830.7811889999999,68000
2007-09-28,1270.0,1334.0,1270.0,1314.0,862.279907,113500
2007-10-01,1326.0,1326.0,1268.0,1292.0,847.8430179999999,154500
2007-10-02,1310.0,1320.0,1288.0,1306.0,857.0302119999999,52500
2007-10-04,1274.0,1316.0,1274.0,1292.0,847.8430179999999,76500
2007-10-05,1292.0,1300.0,1260.0,1282.0,841.280823,105000
2007-10-08,1260.0,1290.0,1240.0,1256.0,824.218933,366000
2007-10-09,1238.0,1258.0,1188.0,1246.0,817.656738,190000
2007-10-10,1266.0,1270.0,1222.0,1258.0,825.5313719999999,72500
2007-10-11,1220.0,1278.0,1206.0,1250.0,820.281616,110000
2007-10-12,1250.0,1308.0,1214.0,1296.0,850.4679570000001,307500
2007-10-15,1294.0,1294.0,1226.0,1226.0,804.532288,171000
2007-10-16,1210.0,1254.0,1208.0,1222.0,801.9073490000001,158500
2007-10-17,1150.0,1234.0,1150.0,1230.0,807.157104,88000
2007-10-18,1220.0,1248.0,1180.0,1180.0,774.3458860000001,107500
2007-10-19,1190.0,1356.0,1190.0,1260.0,826.8438719999999,916000
2007-10-22,1170.0,1236.0,1156.0,1184.0,776.970825,299500
2007-10-23,1202.0,1228.0,1178.0,1180.0,774.3458860000001,148000
2007-10-24,1188.0,1198.0,1144.0,1180.0,774.3458860000001,201500
2007-10-25,1170.0,1180.0,1100.0,1142.0,749.4093019999999,165000
2007-10-26,1142.0,1156.0,1070.0,1070.0,702.161011,180000
2007-10-29,1090.0,1180.0,1054.0,1110.0,728.409973,456000
2007-10-30,1102.0,1158.0,1076.0,1098.0,720.535339,213500
2007-10-31,1156.0,1156.0,1096.0,1140.0,748.0969240000001,115000
2007-11-01,1132.0,1150.0,1108.0,1126.0,738.909607,65000
2007-11-02,1082.0,1132.0,1082.0,1120.0,734.972351,40500
2007-11-05,1120.0,1150.0,1086.0,1092.0,716.598083,15500
2007-11-06,1082.0,1126.0,1082.0,1106.0,725.7851559999999,51000
2007-11-07,1106.0,1160.0,1090.0,1120.0,734.972351,113500
2007-11-08,1050.0,1138.0,1050.0,1100.0,721.847839,200000
2007-11-09,1136.0,1136.0,1078.0,1100.0,721.847839,44500
2007-11-12,1116.0,1116.0,1020.0,1040.0,682.474243,68500
2007-11-13,1068.0,1068.0,884.0,1016.0,666.724915,149000
2007-11-14,1014.0,1048.0,1000.0,1016.0,666.724915,62000
2007-11-15,1016.0,1016.0,969.0,987.0,647.694397,193000
2007-11-16,990.0,997.0,978.0,993.0,651.631714,20000
2007-11-19,1012.0,1080.0,960.0,980.0,643.100708,266000
2007-11-20,976.0,976.0,932.0,942.0,618.164246,29000
2007-11-21,950.0,979.0,894.0,894.0,586.665466,112000
2007-11-22,872.0,892.0,870.0,870.0,570.9159549999999,50500
2007-11-23,852.0,891.0,840.0,860.0,564.35376,125000
2007-11-26,860.0,930.0,860.0,874.0,573.5408940000001,83500
2007-11-27,852.0,884.0,852.0,878.0,576.165833,19000
2007-11-28,916.0,916.0,864.0,880.0,577.478271,196000
2007-11-29,922.0,960.0,865.0,892.0,585.352905,78500
2007-11-30,883.0,908.0,876.0,886.0,581.415649,33500
2007-12-03,890.0,1014.0,890.0,985.0,646.381897,85000
2007-12-04,958.0,999.0,942.0,997.0,654.256592,125000
2007-12-05,931.0,997.0,931.0,959.0,629.320068,30500
2007-12-06,950.0,970.0,850.0,924.0,606.352234,142000
2007-12-07,926.0,948.0,910.0,948.0,622.1015629999999,68000
2007-12-10,948.0,990.0,926.0,926.0,607.664612,55500
2007-12-11,902.0,932.0,902.0,914.0,599.789978,28500
2007-12-12,903.0,938.0,870.0,930.0,610.289551,112500
2007-12-13,911.0,934.0,911.0,932.0,611.602051,24500
2007-12-14,914.0,950.0,914.0,944.0,619.476685,96500
2007-12-17,958.0,958.0,904.0,910.0,597.165039,68000
2007-12-18,938.0,948.0,910.0,937.0,614.883057,21500
2007-12-20,920.0,950.0,920.0,922.0,605.039795,44000
2007-12-21,912.0,989.0,912.0,966.0,633.913635,54000
2007-12-24,958.0,978.0,954.0,963.0,631.944946,83000
2007-12-26,962.0,998.0,962.0,986.0,647.038025,19500
2007-12-27,986.0,1000.0,975.0,989.0,669.3731690000001,74500
2007-12-28,996.0,997.0,960.0,997.0,674.787781,22400
2008-01-02,997.0,1028.0,970.0,1012.0,684.9400019999999,3880
2008-01-03,996.0,1014.0,978.0,990.0,670.0500490000001,5190
2008-01-04,964.0,993.0,964.0,990.0,670.0500490000001,7730
2008-01-07,986.0,986.0,968.0,968.0,655.159973,225
2008-01-08,968.0,968.0,932.0,944.0,638.916321,11600
2008-01-09,951.0,960.0,921.0,952.0,644.330872,10350
2008-01-10,959.0,959.0,902.0,952.0,644.330872,39700
2008-01-11,914.0,930.0,880.0,882.0,596.953613,87310
2008-01-14,883.0,924.0,883.0,912.0,617.258057,8425
2008-01-15,893.0,958.0,893.0,910.0,615.904541,8030
2008-01-16,892.0,910.0,864.0,864.0,584.770935,42640
2008-01-17,851.0,890.0,850.0,864.0,584.770935,57575
2008-01-18,865.0,868.0,830.0,868.0,587.478149,11390
2008-01-21,860.0,860.0,836.0,837.0,566.496765,29415
2008-01-22,770.0,836.0,770.0,818.0,553.637207,6140
2008-01-23,800.0,818.0,776.0,780.0,527.918091,32380
2008-01-24,756.0,802.0,756.0,802.0,542.808167,19390
2008-01-25,810.0,811.0,792.0,802.0,542.808167,22005
2008-01-28,801.0,820.0,780.0,780.0,527.918091,8920
2008-01-29,770.0,800.0,770.0,780.0,527.918091,117525
2008-01-30,700.0,800.0,700.0,780.0,527.918091,6430
2008-01-31,799.0,800.0,760.0,799.0,540.77771,14040
2008-02-01,800.0,800.0,780.0,795.0,538.0703129999999,63805
2008-02-04,818.0,818.0,744.0,744.0,503.552643,53820
2008-02-05,744.0,850.0,740.0,800.0,541.454529,109810
2008-02-11,790.0,838.0,772.0,798.0,540.100891,104220
2008-02-12,800.0,886.0,794.0,880.0,595.600037,28195
2008-02-13,878.0,880.0,832.0,832.0,563.11261,56250
2008-02-14,841.0,854.0,798.0,820.0,554.990845,53425
2008-02-15,820.0,865.0,813.0,862.0,583.417175,37000
2008-02-18,862.0,966.0,862.0,877.0,593.569458,83530
2008-02-19,890.0,898.0,870.0,894.0,605.075439,54335
2008-02-20,914.0,914.0,870.0,890.0,602.368103,27310
2008-02-21,876.0,890.0,843.0,860.0,582.0635990000001,116080
2008-02-22,850.0,885.0,850.0,882.0,596.953613,38105
2008-02-25,894.0,894.0,860.0,893.0,604.398621,38155
2008-02-26,900.0,960.0,865.0,890.0,602.368103,96265
2008-02-27,890.0,916.0,880.0,897.0,607.105774,7035
2008-02-28,883.0,933.0,883.0,933.0,631.4712519999999,35980
2008-02-29,933.0,933.0,794.0,914.0,618.611694,19120
2008-03-03,978.0,978.0,867.0,926.0,626.7335820000001,9115
2008-03-04,926.0,926.0,840.0,920.0,622.6726679999999,5245
2008-03-05,930.0,930.0,882.0,920.0,622.6726679999999,19640
2008-03-06,928.0,930.0,880.0,929.0,628.764099,28425
2008-03-07,924.0,924.0,830.0,884.0,598.30719,24390
2008-03-10,863.0,884.0,800.0,878.0,594.246399,130030
2008-03-11,862.0,900.0,850.0,898.0,607.782654,33535
2008-03-12,887.0,920.0,871.0,908.0,614.5509030000001,17205
2008-03-13,923.0,923.0,820.0,825.0,558.3749389999999,355595
2008-03-14,823.0,856.0,820.0,837.0,566.496765,25355
2008-03-17,807.0,835.0,800.0,801.0,542.131348,17255
2008-03-18,840.0,845.0,820.0,840.0,568.527161,41010
2008-03-19,812.0,880.0,812.0,875.0,592.21582,11380
2008-03-20,877.0,877.0,866.0,877.0,593.569458,5660
2008-03-21,898.0,898.0,821.0,880.0,595.600037,82650
2008-03-24,911.0,911.0,831.0,849.0,574.618652,66385
2008-03-25,867.0,870.0,834.0,870.0,588.831787,43740
2008-03-26,878.0,879.0,800.0,800.0,541.454529,98135
2008-03-27,812.0,860.0,806.0,841.0,569.204041,81690
2008-03-28,826.0,860.0,814.0,836.0,565.820007,64120
2008-03-31,850.0,850.0,824.0,840.0,568.527161,5785
2008-04-01,826.0,850.0,824.0,830.0,561.759033,71745
2008-04-02,858.0,858.0,828.0,840.0,568.527161,19555
2008-04-03,840.0,909.0,832.0,860.0,582.0635990000001,81790
2008-04-04,898.0,898.0,845.0,850.0,575.29541,65025
2008-04-07,826.0,845.0,826.0,834.0,564.46637,65680
2008-04-08,834.0,934.0,834.0,849.0,574.618652,141345
2008-04-10,849.0,853.0,833.0,853.0,577.325745,26485
2008-04-11,867.0,867.0,835.0,860.0,582.0635990000001,33185
2008-04-14,839.0,839.0,830.0,836.0,565.820007,31420
2008-04-15,831.0,849.0,828.0,837.0,566.496765,2090
2008-04-16,837.0,840.0,830.0,839.0,567.850342,45375
2008-04-17,833.0,840.0,830.0,840.0,568.527161,81645
2008-04-18,826.0,858.0,826.0,846.0,572.588074,42985
2008-04-21,876.0,876.0,840.0,844.0,571.234558,26365
2008-04-22,840.0,841.0,830.0,840.0,568.527161,59400
2008-04-23,830.0,834.0,815.0,834.0,564.46637,40670
2008-04-24,840.0,840.0,825.0,840.0,568.527161,73110
2008-04-25,834.0,840.0,831.0,831.0,562.435852,60325
2008-04-28,821.0,834.0,821.0,827.0,559.728577,1670
2008-04-29,836.0,836.0,820.0,828.0,560.4054570000001,14470
2008-04-30,828.0,828.0,791.0,798.0,540.100891,64050
2008-05-02,816.0,816.0,798.0,812.0,549.576416,2075
2008-05-06,800.0,814.0,794.0,798.0,540.100891,19630
2008-05-07,795.0,810.0,791.0,806.0,545.515442,31040
2008-05-08,808.0,808.0,796.0,806.0,545.515442,2280
2008-05-09,781.0,804.0,780.0,782.0,529.271729,43640
2008-05-13,793.0,798.0,771.0,793.0,536.7167360000001,23130
2008-05-14,800.0,806.0,783.0,784.0,530.625427,50740
2008-05-15,778.0,794.0,777.0,788.0,533.332642,65705
2008-05-16,789.0,808.0,789.0,792.0,536.039978,21550
2008-05-19,803.0,803.0,777.0,781.0,528.5949099999999,33225
2008-05-20,774.0,778.0,750.0,776.0,525.2109379999999,71130
2008-05-21,761.0,779.0,740.0,743.0,502.875885,87795
2008-05-22,734.0,743.0,706.0,729.0,493.400452,156815
2008-05-23,713.0,738.0,698.0,736.0,498.13815300000005,62815
2008-05-26,711.0,730.0,693.0,706.0,477.83361799999994,30105
2008-05-27,706.0,736.0,706.0,729.0,493.400452,20165
2008-05-28,729.0,740.0,729.0,740.0,500.845428,39755
2008-05-29,722.0,744.0,722.0,730.0,494.07724,8615
2008-05-30,730.0,730.0,714.0,730.0,494.07724,16530
2008-06-02,720.0,729.0,712.0,712.0,481.894501,15235
2008-06-03,722.0,722.0,700.0,718.0,485.95544400000006,4080
2008-06-04,720.0,720.0,696.0,710.0,480.540924,2170
2008-06-05,716.0,720.0,703.0,719.0,486.63220199999995,685
2008-06-09,700.0,719.0,687.0,691.0,467.68127400000003,4555
2008-06-10,691.0,710.0,678.0,699.0,473.095886,65435
2008-06-11,699.0,705.0,680.0,702.0,475.12634299999996,16825
2008-06-12,691.0,702.0,688.0,702.0,475.12634299999996,5630
2008-06-13,702.0,702.0,681.0,698.0,472.419037,20865
2008-06-16,700.0,700.0,691.0,700.0,473.772736,7585
2008-06-17,684.0,697.0,671.0,671.0,454.14495800000003,36740
2008-06-18,671.0,679.0,660.0,676.0,457.529022,10045
2008-06-19,648.0,682.0,620.0,648.0,438.578186,38655
2008-06-20,648.0,652.0,622.0,631.0,427.072235,10040
2008-06-23,621.0,638.0,616.0,626.0,423.688171,39355
2008-06-24,635.0,638.0,610.0,634.0,429.10272199999997,23065
2008-06-25,629.0,641.0,626.0,630.0,426.395447,12760
2008-06-26,648.0,716.0,644.0,664.0,449.407257,21695
2008-06-27,664.0,664.0,642.0,657.0,444.66949500000004,6150
2008-06-30,665.0,670.0,629.0,629.0,425.718567,21420
2008-07-01,629.0,647.0,610.0,636.0,430.456299,12020
2008-07-02,638.0,638.0,606.0,606.0,410.151825,31430
2008-07-03,606.0,606.0,541.0,580.0,392.554535,12150
2008-07-04,580.0,588.0,578.0,588.0,397.969086,12250
2008-07-07,588.0,588.0,587.0,588.0,397.969086,2505
2008-07-08,596.0,640.0,500.0,558.0,377.66452000000004,144535
2008-07-09,558.0,566.0,546.0,560.0,379.018188,8620
2008-07-10,502.0,550.0,502.0,542.0,366.835419,22215
2008-07-11,550.0,565.0,543.0,565.0,382.402252,12035
2008-07-14,550.0,568.0,550.0,561.0,379.695007,11055
2008-07-15,552.0,562.0,540.0,550.0,372.249969,30055
2008-07-16,542.0,558.0,535.0,542.0,366.835419,5495
2008-07-17,537.0,550.0,537.0,547.0,370.219513,14350
2008-07-18,555.0,555.0,533.0,540.0,365.481781,24360
2008-07-21,546.0,552.0,528.0,550.0,372.249969,34070
2008-07-22,530.0,550.0,530.0,546.0,369.542725,11715
2008-07-23,540.0,561.0,540.0,559.0,378.341339,25580
2008-07-24,567.0,570.0,547.0,558.0,377.66452000000004,15745
2008-07-25,557.0,557.0,547.0,547.0,370.219513,3555
2008-07-28,552.0,562.0,552.0,562.0,380.371796,11285
2008-07-29,560.0,560.0,550.0,560.0,379.018188,4500
2008-07-30,562.0,562.0,550.0,560.0,379.018188,33500
2008-07-31,569.0,569.0,552.0,554.0,374.957306,4500
2008-08-01,550.0,562.0,550.0,560.0,379.018188,2500
2008-08-04,569.0,569.0,544.0,558.0,377.66452000000004,5000
2008-08-05,540.0,550.0,536.0,548.0,370.896332,12000
2008-08-06,557.0,560.0,531.0,536.0,362.77450600000003,5500
2008-08-07,540.0,540.0,522.0,535.0,362.097717,12000
2008-08-08,540.0,615.0,500.0,615.0,416.243195,383000
2008-08-11,680.0,706.0,648.0,700.0,473.772736,722000
2008-08-12,694.0,718.0,644.0,653.0,441.96225,729500
2008-08-13,671.0,698.0,600.0,625.0,423.01132199999995,598000
2008-08-14,626.0,644.0,607.0,618.0,418.273621,227000
2008-08-18,638.0,669.0,626.0,636.0,430.456299,207200
2008-08-19,624.0,640.0,610.0,622.0,420.98086500000005,93180
2008-08-20,624.0,634.0,598.0,604.0,408.79812599999997,177115
2008-08-21,620.0,620.0,600.0,606.0,410.151825,133100
2008-08-22,606.0,606.0,552.0,560.0,379.018188,135415
2008-08-25,556.0,574.0,552.0,552.0,373.60357700000003,57230
2008-08-26,489.0,529.0,489.0,516.0,349.238159,129410
2008-08-27,536.0,536.0,490.0,493.0,333.67132599999997,75135
2008-08-28,517.0,517.0,460.0,484.0,327.579987,102235
2008-08-29,484.0,514.0,483.0,490.0,331.640869,55175
2008-09-01,500.0,500.0,452.0,460.0,311.33633399999997,72135
2008-09-02,454.0,479.0,424.0,449.0,303.891327,67900
2008-09-03,435.0,476.0,427.0,444.0,300.50726299999997,12970
2008-09-04,470.0,470.0,440.0,460.0,311.33633399999997,16695
2008-09-05,444.0,470.0,443.0,466.0,315.397278,38155
2008-09-08,482.0,520.0,469.0,506.0,342.47000099999997,98810
2008-09-09,490.0,505.0,471.0,471.0,318.78131099999996,18820
2008-09-10,468.0,529.0,468.0,508.0,343.82360800000004,39945
2008-09-11,508.0,518.0,500.0,517.0,349.91497799999996,33845
2008-09-12,517.0,529.0,500.0,520.0,351.945465,19380
2008-09-16,466.0,491.0,457.0,458.0,309.982727,101940
2008-09-17,472.0,487.0,465.0,482.0,326.226318,83300
2008-09-18,450.0,478.0,450.0,474.0,320.811798,27610
2008-09-19,477.0,498.0,477.0,486.0,328.93359399999997,87760
2008-09-22,480.0,497.0,474.0,491.0,332.31774900000005,91450
2008-09-23,471.0,545.0,470.0,530.0,358.713562,141190
2008-09-24,520.0,560.0,520.0,542.0,366.835419,142800
2008-09-25,568.0,568.0,502.0,543.0,367.51223799999997,33320
2008-09-26,555.0,555.0,514.0,540.0,365.481781,90685
2008-09-29,530.0,580.0,530.0,558.0,377.66452000000004,85420
2008-09-30,530.0,560.0,530.0,556.0,376.310883,24665
2008-10-01,562.0,566.0,552.0,555.0,375.634064,26940
2008-10-02,562.0,569.0,542.0,560.0,379.018188,29785
2008-10-06,534.0,562.0,522.0,534.0,361.42086800000004,84640
2008-10-07,461.0,534.0,454.0,530.0,358.713562,48810
2008-10-08,519.0,548.0,490.0,530.0,358.713562,84120
2008-10-09,500.0,530.0,500.0,530.0,358.713562,43010
2008-10-10,480.0,520.0,480.0,520.0,351.945465,12395
2008-10-13,520.0,570.0,520.0,570.0,385.786285,54840
2008-10-14,629.0,629.0,550.0,570.0,385.786285,56105
2008-10-15,562.0,562.0,540.0,560.0,379.018188,36110
2008-10-16,486.0,533.0,486.0,530.0,358.713562,84975
2008-10-17,533.0,550.0,510.0,548.0,370.896332,42305
2008-10-20,530.0,552.0,502.0,540.0,365.481781,103925
2008-10-21,524.0,549.0,524.0,540.0,365.481781,6755
2008-10-22,519.0,540.0,510.0,520.0,351.945465,30830
2008-10-23,500.0,500.0,442.0,500.0,338.409058,88550
2008-10-24,510.0,510.0,442.0,480.0,324.872742,46180
2008-10-27,424.0,478.0,408.0,460.0,311.33633399999997,107140
2008-10-28,440.0,478.0,406.0,474.0,320.811798,64155
2008-10-29,460.0,500.0,460.0,488.0,330.287262,86345
2008-10-30,486.0,527.0,480.0,520.0,351.945465,76860
2008-10-31,528.0,529.0,482.0,529.0,358.03677400000004,75540
2008-11-03,510.0,578.0,501.0,560.0,379.018188,133985
2008-11-04,534.0,594.0,534.0,593.0,401.35318,166765
2008-11-05,583.0,620.0,563.0,611.0,413.535889,56520
2008-11-06,571.0,617.0,543.0,600.0,406.090912,121075
2008-11-07,590.0,608.0,566.0,600.0,406.090912,45580
2008-11-10,587.0,604.0,580.0,604.0,408.79812599999997,54295
2008-11-11,604.0,648.0,588.0,604.0,408.79812599999997,530065
2008-11-12,616.0,656.0,604.0,610.0,412.859039,109015
2008-11-13,620.0,629.0,571.0,611.0,413.535889,12420
2008-11-14,572.0,639.0,572.0,620.0,419.627258,66600
2008-11-17,575.0,622.0,575.0,613.0,414.88955699999997,62230
2008-11-18,591.0,650.0,588.0,620.0,419.627258,297020
2008-11-19,620.0,620.0,595.0,620.0,419.627258,15465
2008-11-20,614.0,618.0,572.0,572.0,387.139954,78685
2008-11-21,550.0,598.0,550.0,588.0,397.969086,14975
2008-11-24,600.0,600.0,583.0,600.0,406.090912,8365
2008-11-25,593.0,640.0,592.0,618.0,418.273621,70895
2008-11-26,618.0,630.0,596.0,610.0,412.859039,27590
2008-11-27,610.0,620.0,600.0,619.0,418.950409,127275
2008-11-28,619.0,622.0,606.0,606.0,410.151825,3415
2008-12-01,620.0,642.0,601.0,606.0,410.151825,183955
2008-12-02,600.0,600.0,580.0,600.0,406.090912,60580
2008-12-03,600.0,604.0,590.0,604.0,408.79812599999997,59545
2008-12-04,604.0,609.0,592.0,605.0,409.474945,36390
2008-12-05,605.0,609.0,594.0,608.0,411.50546299999996,40540
2008-12-08,618.0,620.0,600.0,610.0,412.859039,57740
2008-12-09,610.0,630.0,598.0,618.0,418.273621,91130
2008-12-10,618.0,630.0,616.0,620.0,419.627258,93990
2008-12-11,620.0,644.0,618.0,622.0,420.98086500000005,48290
2008-12-12,628.0,630.0,610.0,610.0,412.859039,81735
2008-12-15,604.0,620.0,604.0,616.0,416.919952,51025
2008-12-16,616.0,622.0,603.0,614.0,415.566345,161910
2008-12-17,614.0,626.0,609.0,618.0,418.273621,109425
2008-12-18,618.0,630.0,618.0,629.0,425.718567,98135
2008-12-19,628.0,658.0,610.0,654.0,442.63903799999997,77820
2008-12-22,660.0,660.0,636.0,640.0,433.16363499999994,162240
2008-12-23,640.0,646.0,617.0,630.0,426.395447,95520
2008-12-24,622.0,638.0,614.0,628.0,425.041779,97635
2008-12-26,627.0,722.0,627.0,694.0,469.71182300000004,192790
2008-12-29,694.0,694.0,660.0,662.0,482.84039299999995,9590
2008-12-30,642.0,697.0,642.0,697.0,508.368225,79945
2009-01-02,704.0,704.0,662.0,676.0,493.05154400000004,40795
2009-01-05,676.0,690.0,664.0,674.0,491.592804,43060
2009-01-06,694.0,694.0,651.0,670.0,488.67532300000005,111260
2009-01-07,690.0,690.0,656.0,670.0,488.67532300000005,71560
2009-01-08,640.0,680.0,640.0,669.0,487.94592300000005,104395
2009-01-09,671.0,684.0,653.0,684.0,498.886475,55210
2009-01-12,676.0,684.0,660.0,674.0,491.592804,3125
2009-01-13,660.0,664.0,646.0,652.0,475.546722,52285
2009-01-14,667.0,668.0,654.0,668.0,487.216583,39665
2009-01-15,657.0,668.0,657.0,668.0,487.216583,1165
2009-01-16,668.0,678.0,620.0,640.0,466.794342,70365
2009-01-19,650.0,658.0,642.0,649.0,473.358612,8640
2009-01-20,652.0,652.0,637.0,652.0,475.546722,8230
2009-01-21,622.0,640.0,616.0,634.0,462.418121,22885
2009-01-22,658.0,658.0,634.0,654.0,477.00546299999996,8430
2009-01-23,654.0,654.0,624.0,652.0,475.546722,23560
2009-01-28,650.0,670.0,640.0,660.0,481.381683,31230
2009-01-29,662.0,662.0,640.0,662.0,482.84039299999995,34075
2009-01-30,676.0,676.0,652.0,653.0,476.27609299999995,2650
2009-02-02,654.0,656.0,643.0,653.0,476.27609299999995,12535
2009-02-03,654.0,666.0,640.0,660.0,481.381683,78750
2009-02-04,660.0,660.0,651.0,660.0,481.381683,30235
2009-02-05,668.0,668.0,646.0,654.0,477.00546299999996,13720
2009-02-06,654.0,657.0,653.0,657.0,479.193542,14210
2009-02-09,669.0,669.0,640.0,658.0,479.922913,15635
2009-02-10,656.0,656.0,640.0,654.0,477.00546299999996,27120
2009-02-11,646.0,648.0,640.0,648.0,472.62930300000005,6120
2009-02-12,652.0,668.0,641.0,656.0,478.464203,22205
2009-02-13,648.0,657.0,647.0,656.0,478.464203,23750
2009-02-16,644.0,660.0,644.0,659.0,480.652222,14450
2009-02-17,648.0,744.0,647.0,669.0,487.94592300000005,358170
2009-02-18,642.0,669.0,630.0,669.0,487.94592300000005,109185
2009-02-19,660.0,700.0,651.0,700.0,510.55627400000003,44180
2009-02-20,653.0,716.0,652.0,690.0,503.262604,110510
2009-02-23,700.0,700.0,662.0,690.0,503.262604,75065
2009-02-24,688.0,688.0,652.0,680.0,495.96899400000007,75995
2009-02-25,690.0,690.0,659.0,673.0,490.863342,124580
2009-02-26,670.0,670.0,637.0,668.0,487.216583,142470
2009-02-27,662.0,672.0,650.0,669.0,487.94592300000005,68595
2009-03-02,669.0,740.0,645.0,667.0,486.487183,316195
2009-03-03,642.0,660.0,631.0,659.0,480.652222,21130
2009-03-04,659.0,668.0,641.0,660.0,481.381683,227445
2009-03-05,660.0,677.0,646.0,652.0,475.546722,70950
2009-03-06,644.0,696.0,640.0,679.0,495.23953200000005,232675
2009-03-09,679.0,680.0,664.0,680.0,495.96899400000007,20405
2009-03-10,676.0,690.0,666.0,677.0,493.78088399999996,182765
2009-03-11,690.0,690.0,640.0,676.0,493.05154400000004,119155
2009-03-12,678.0,700.0,652.0,660.0,481.381683,92890
2009-03-13,662.0,680.0,662.0,672.0,490.13406399999997,22080
2009-03-16,672.0,690.0,662.0,674.0,491.592804,73495
2009-03-17,674.0,680.0,660.0,680.0,495.96899400000007,32825
2009-03-18,680.0,688.0,672.0,680.0,495.96899400000007,12795
2009-03-19,688.0,689.0,680.0,680.0,495.96899400000007,41010
2009-03-20,679.0,685.0,674.0,680.0,495.96899400000007,41395
2009-03-23,672.0,680.0,672.0,680.0,495.96899400000007,470
2009-03-24,688.0,688.0,676.0,685.0,499.61581399999994,60855
2009-03-25,684.0,698.0,679.0,684.0,498.886475,24185
2009-03-26,690.0,698.0,668.0,698.0,509.09756500000003,58175
2009-03-27,704.0,704.0,680.0,693.0,505.45068399999997,45915
2009-03-30,692.0,692.0,651.0,655.0,477.734833,82890
2009-03-31,648.0,670.0,648.0,664.0,484.299133,40135
2009-04-01,670.0,670.0,642.0,659.0,480.652222,157795
2009-04-02,659.0,667.0,650.0,659.0,480.652222,125850
2009-04-03,659.0,660.0,643.0,653.0,476.27609299999995,30805
2009-04-06,650.0,657.0,643.0,655.0,477.734833,28445
2009-04-07,654.0,659.0,654.0,658.0,479.922913,55175
2009-04-08,664.0,664.0,645.0,645.0,470.441101,158255
2009-04-09,659.0,680.0,644.0,668.0,487.216583,192720
2009-04-10,678.0,690.0,655.0,666.0,485.757843,232305
2009-04-13,672.0,735.0,672.0,713.0,520.038025,354240
2009-04-14,726.0,759.0,719.0,756.0,551.400879,195375
2009-04-15,760.0,760.0,715.0,730.0,532.4372559999999,179375
2009-04-16,739.0,757.0,717.0,718.0,523.684875,154445
2009-04-17,721.0,722.0,679.0,695.0,506.909424,140780
2009-04-20,697.0,718.0,690.0,716.0,522.226196,58560
2009-04-21,710.0,730.0,690.0,723.0,527.331665,83805
2009-04-22,740.0,740.0,716.0,725.0,528.790466,59005
2009-04-23,730.0,760.0,715.0,730.0,532.4372559999999,91575
2009-04-24,752.0,752.0,728.0,739.0,539.001587,70955
2009-04-27,758.0,800.0,732.0,738.0,538.272278,71030
2009-04-28,742.0,742.0,700.0,733.0,534.625366,82945
2009-04-29,733.0,733.0,711.0,729.0,531.707886,24550
2009-04-30,724.0,738.0,724.0,736.0,536.813538,49215
2009-05-04,736.0,752.0,736.0,750.0,547.024597,53340
2009-05-06,768.0,768.0,742.0,742.0,541.189697,47050
2009-05-07,743.0,768.0,738.0,751.0,547.753967,107190
2009-05-08,740.0,770.0,733.0,760.0,554.3182370000001,43395
2009-05-11,766.0,766.0,748.0,758.0,552.859558,14225
2009-05-12,760.0,760.0,732.0,754.0,549.942078,32810
2009-05-13,735.0,754.0,728.0,735.0,536.0840450000001,54245
2009-05-14,712.0,736.0,711.0,736.0,536.813538,41115
2009-05-15,736.0,755.0,727.0,752.0,548.4833980000001,77630
2009-05-18,748.0,749.0,731.0,743.0,541.919006,69670
2009-05-19,744.0,836.0,744.0,808.0,589.32782,227175
2009-05-20,808.0,820.0,780.0,802.0,584.951721,217035
2009-05-21,797.0,833.0,762.0,788.0,574.740479,175245
2009-05-22,788.0,789.0,760.0,774.0,564.529358,123260
2009-05-25,774.0,788.0,724.0,774.0,564.529358,65930
2009-05-26,760.0,760.0,710.0,735.0,536.0840450000001,189070
2009-05-27,730.0,739.0,700.0,713.0,520.038025,115145
2009-05-28,707.0,710.0,668.0,710.0,517.849976,64700
2009-05-29,711.0,714.0,685.0,688.0,501.803925,21335
2009-06-01,691.0,705.0,680.0,687.0,501.074554,39885
2009-06-02,691.0,717.0,686.0,700.0,510.55627400000003,15990
2009-06-03,700.0,701.0,684.0,696.0,507.638824,11060
2009-06-04,690.0,709.0,684.0,692.0,504.72134400000004,44570
2009-06-05,709.0,709.0,685.0,700.0,510.55627400000003,15505
2009-06-08,690.0,710.0,690.0,700.0,510.55627400000003,32015
2009-06-09,700.0,718.0,686.0,706.0,514.932495,7200
2009-06-10,706.0,714.0,686.0,712.0,519.3086549999999,43430
2009-06-11,718.0,718.0,696.0,706.0,514.932495,8050
2009-06-12,716.0,716.0,680.0,680.0,495.96899400000007,63000
2009-06-15,661.0,672.0,655.0,663.0,483.569733,81490
2009-06-16,662.0,680.0,662.0,668.0,487.216583,120815
2009-06-17,678.0,678.0,666.0,676.0,493.05154400000004,22565
2009-06-18,680.0,680.0,601.0,669.0,487.94592300000005,65065
2009-06-19,651.0,664.0,643.0,659.0,480.652222,125205
2009-06-22,657.0,658.0,640.0,648.0,472.62930300000005,24885
2009-06-23,654.0,654.0,627.0,627.0,457.312561,18190
2009-06-24,668.0,668.0,620.0,660.0,481.381683,22855
2009-06-25,660.0,660.0,634.0,657.0,479.193542,41290
2009-06-26,656.0,666.0,640.0,652.0,475.546722,30810
2009-06-29,646.0,659.0,641.0,650.0,474.087952,38410
2009-06-30,656.0,656.0,640.0,650.0,474.087952,13000
2009-07-01,656.0,656.0,620.0,650.0,474.087952,109500
2009-07-02,636.0,656.0,633.0,653.0,476.27609299999995,72525
2009-07-03,653.0,653.0,629.0,648.0,472.62930300000005,114055
2009-07-06,648.0,648.0,637.0,648.0,472.62930300000005,46410
2009-07-07,660.0,660.0,630.0,648.0,472.62930300000005,159850
2009-07-08,648.0,656.0,635.0,656.0,478.464203,29850
2009-07-09,660.0,660.0,636.0,640.0,466.794342,69350
2009-07-10,648.0,652.0,633.0,652.0,475.546722,118075
2009-07-13,640.0,652.0,628.0,628.0,458.041931,128455
2009-07-14,628.0,636.0,604.0,630.0,459.50064100000003,50195
2009-07-15,630.0,633.0,616.0,629.0,458.771271,44555
2009-07-16,638.0,638.0,610.0,634.0,462.418121,54280
2009-07-17,620.0,632.0,604.0,607.0,442.72525,280330
2009-07-20,611.0,619.0,604.0,607.0,442.72525,21635
2009-07-21,620.0,620.0,607.0,608.0,443.45462000000003,28145
2009-07-22,616.0,637.0,613.0,635.0,463.147491,92305
2009-07-23,636.0,636.0,621.0,621.0,452.936401,26860
2009-07-24,638.0,638.0,619.0,620.0,452.20697,41755
2009-07-27,620.0,634.0,620.0,633.0,461.688721,54920
2009-07-28,634.0,644.0,623.0,640.0,466.794342,68060
2009-07-29,631.0,640.0,630.0,639.0,466.06494100000003,43400
2009-07-30,648.0,648.0,633.0,633.0,461.688721,87600
2009-07-31,625.0,644.0,625.0,635.0,463.147491,84645
2009-08-03,647.0,689.0,635.0,662.0,482.84039299999995,80465
2009-08-04,669.0,686.0,655.0,678.0,494.51025400000003,112370
2009-08-05,684.0,684.0,667.0,682.0,497.427673,46590
2009-08-06,683.0,686.0,672.0,682.0,497.427673,4900
2009-08-07,689.0,712.0,682.0,702.0,512.0150150000001,165375
2009-08-10,714.0,716.0,681.0,681.0,496.698334,26315
2009-08-11,674.0,698.0,654.0,671.0,489.40472400000004,90095
2009-08-12,683.0,683.0,666.0,680.0,495.96899400000007,33265
2009-08-13,680.0,688.0,662.0,665.0,485.028473,41995
2009-08-14,680.0,688.0,655.0,671.0,489.40472400000004,36185
2009-08-17,662.0,700.0,643.0,670.0,488.67532300000005,118635
2009-08-18,653.0,669.0,643.0,663.0,483.569733,57585
2009-08-19,653.0,660.0,640.0,652.0,475.546722,53245
2009-08-20,669.0,669.0,640.0,653.0,476.27609299999995,30785
2009-08-21,652.0,653.0,629.0,644.0,469.71182300000004,99535
2009-08-24,640.0,656.0,617.0,620.0,452.20697,67535
2009-08-25,620.0,632.0,593.0,619.0,451.4776,130635
2009-08-26,623.0,639.0,618.0,628.0,458.041931,32215
2009-08-27,620.0,646.0,620.0,626.0,456.583221,12525
2009-08-28,641.0,641.0,614.0,628.0,458.041931,16450
2009-08-31,646.0,646.0,611.0,617.0,450.01889000000006,46410
2009-09-01,620.0,623.0,601.0,619.0,451.4776,73905
2009-09-02,612.0,618.0,596.0,608.0,443.45462000000003,87505
2009-09-03,612.0,612.0,595.0,602.0,439.07842999999997,40815
2009-09-04,596.0,610.0,594.0,607.0,442.72525,27590
2009-09-07,598.0,616.0,598.0,612.0,446.37207,41905
2009-09-08,617.0,619.0,604.0,612.0,446.37207,27330
2009-09-09,616.0,624.0,595.0,596.0,434.702179,32835
2009-09-10,619.0,619.0,602.0,602.0,439.07842999999997,35275
2009-09-11,604.0,608.0,592.0,608.0,443.45462000000003,26990
2009-09-14,595.0,620.0,593.0,602.0,439.07842999999997,32150
2009-09-15,600.0,602.0,593.0,602.0,439.07842999999997,31230
2009-09-16,602.0,608.0,594.0,602.0,439.07842999999997,68775
2009-09-17,608.0,608.0,589.0,596.0,434.702179,91985
2009-09-18,592.0,601.0,582.0,582.0,424.491089,61485
2009-09-21,582.0,593.0,580.0,588.0,428.86731,25035
2009-09-22,590.0,597.0,588.0,594.0,433.24346900000006,38695
2009-09-23,598.0,598.0,579.0,584.0,425.949829,11895
2009-09-24,581.0,585.0,543.0,543.0,396.04580699999997,126680
2009-09-25,547.0,550.0,529.0,546.0,398.233917,44445
2009-09-28,552.0,552.0,529.0,540.0,393.85769700000003,29630
2009-09-29,549.0,553.0,530.0,530.0,386.56402599999996,62535
2009-09-30,546.0,546.0,507.0,520.0,379.270355,237970
2009-10-01,518.0,562.0,518.0,558.0,406.986267,131130
2009-10-05,550.0,598.0,550.0,560.0,408.445007,191285
2009-10-06,562.0,578.0,544.0,566.0,412.82122799999996,155950
2009-10-07,566.0,566.0,540.0,549.0,400.42202799999995,136370
2009-10-08,549.0,560.0,542.0,557.0,406.256927,54075
2009-10-09,558.0,569.0,552.0,564.0,411.362457,62540
2009-10-12,570.0,580.0,552.0,569.0,415.009277,38350
2009-10-13,565.0,565.0,553.0,558.0,406.986267,24435
2009-10-14,558.0,560.0,544.0,552.0,402.61010699999997,103555
2009-10-15,553.0,572.0,553.0,564.0,411.362457,114180
2009-10-16,564.0,570.0,555.0,564.0,411.362457,50590
2009-10-19,556.0,560.0,551.0,551.0,401.880737,35100
2009-10-20,563.0,563.0,553.0,560.0,408.445007,39370
2009-10-21,591.0,591.0,560.0,576.0,420.11483799999996,21040
2009-10-22,580.0,580.0,560.0,575.0,419.385529,29385
2009-10-23,574.0,580.0,564.0,575.0,419.385529,42190
2009-10-26,562.0,574.0,554.0,573.0,417.92681899999997,128390
2009-10-27,580.0,580.0,554.0,554.0,404.06881699999997,52875
2009-10-28,554.0,570.0,548.0,563.0,410.633148,152000
2009-10-29,560.0,568.0,542.0,560.0,408.445007,74895
2009-10-30,570.0,570.0,549.0,559.0,407.715668,43110
2009-11-02,552.0,552.0,535.0,544.0,396.775146,151625
2009-11-03,547.0,560.0,538.0,552.0,402.61010699999997,49105
2009-11-04,552.0,566.0,551.0,554.0,404.06881699999997,39105
2009-11-05,548.0,560.0,545.0,554.0,404.06881699999997,79400
2009-11-06,552.0,570.0,552.0,565.0,412.091858,217080
2009-11-09,565.0,579.0,557.0,579.0,422.302979,165635
2009-11-10,590.0,639.0,576.0,604.0,440.537109,474945
2009-11-11,610.0,634.0,590.0,634.0,462.418121,219700
2009-11-12,634.0,729.0,634.0,684.0,498.886475,1378110
2009-11-13,689.0,758.0,660.0,679.0,495.23953200000005,563470
2009-11-16,700.0,700.0,616.0,638.0,465.33563200000003,393355
2009-11-17,620.0,666.0,619.0,635.0,463.147491,292310
2009-11-18,633.0,660.0,633.0,636.0,463.876831,150000
2009-11-19,635.0,658.0,621.0,632.0,460.959412,97125
2009-11-20,654.0,690.0,633.0,673.0,490.863342,180040
2009-11-23,694.0,753.0,676.0,735.0,536.0840450000001,312200
2009-11-24,735.0,819.0,720.0,747.0,544.836487,876000
2009-11-25,758.0,762.0,716.0,721.0,525.8729860000001,239720
2009-11-26,716.0,757.0,706.0,726.0,529.519775,91420
2009-11-27,726.0,758.0,706.0,708.0,516.391296,137385
2009-11-30,740.0,740.0,708.0,735.0,536.0840450000001,100440
2009-12-01,750.0,750.0,700.0,706.0,514.932495,149375
2009-12-02,699.0,721.0,688.0,690.0,503.262604,137000
2009-12-03,683.0,699.0,676.0,684.0,498.886475,108570
2009-12-04,684.0,740.0,678.0,705.0,514.203125,148580
2009-12-07,711.0,712.0,680.0,682.0,497.427673,149010
2009-12-08,699.0,699.0,666.0,672.0,490.13406399999997,93300
2009-12-09,676.0,696.0,669.0,676.0,493.05154400000004,128600
2009-12-10,670.0,693.0,660.0,673.0,490.863342,107360
2009-12-11,673.0,695.0,672.0,680.0,495.96899400000007,62440
2009-12-14,690.0,782.0,681.0,734.0,535.354736,518935
2009-12-15,730.0,792.0,720.0,755.0,550.671387,555725
2009-12-16,770.0,770.0,733.0,757.0,552.1301269999999,320365
2009-12-17,776.0,818.0,740.0,742.0,541.189697,533650
2009-12-18,750.0,785.0,735.0,780.0,568.905579,422180
2009-12-21,890.0,897.0,862.0,897.0,654.241394,2672705
2009-12-22,955.0,1010.0,920.0,960.0,700.191467,4548525
2009-12-23,962.0,976.0,854.0,860.0,627.2548830000001,2409385
2009-12-24,869.0,898.0,801.0,828.0,603.915161,1883845
2009-12-28,836.0,916.0,823.0,838.0,611.20874,2302110
2009-12-29,858.0,872.0,804.0,805.0,624.394775,847255
2009-12-30,817.0,925.0,792.0,925.0,717.472229,2949525
2010-01-04,1062.0,1062.0,1062.0,1062.0,823.7356570000001,722400
2010-01-05,1210.0,1220.0,1202.0,1220.0,946.287781,2514200
2010-01-06,1320.0,1402.0,1252.0,1398.0,1084.352661,12771115
2010-01-07,1324.0,1518.0,1320.0,1360.0,1054.878174,8865625
2010-01-08,1344.0,1534.0,1306.0,1458.0,1130.891357,11871175
2010-01-11,1426.0,1672.0,1390.0,1468.0,1138.647827,15253990
2010-01-12,1442.0,1502.0,1338.0,1360.0,1054.878174,6612175
2010-01-13,1326.0,1380.0,1250.0,1310.0,1016.095825,4231230
2010-01-14,1332.0,1368.0,1240.0,1324.0,1026.954834,5477715
2010-01-15,1368.0,1500.0,1312.0,1342.0,1040.9165039999998,8654620
2010-01-18,1342.0,1356.0,1266.0,1270.0,985.070068,2173305
2010-01-19,1270.0,1378.0,1224.0,1292.0,1002.1341550000001,4801775
2010-01-20,1312.0,1314.0,1166.0,1188.0,921.467041,3305490
2010-01-21,1222.0,1292.0,1188.0,1188.0,921.467041,4459640
2010-01-22,1200.0,1244.0,1116.0,1164.0,902.851563,1746160
2010-01-25,1138.0,1186.0,1038.0,1062.0,823.7356570000001,1980810
2010-01-26,1136.0,1220.0,1044.0,1116.0,865.6206050000001,3543255
2010-01-27,1116.0,1116.0,1018.0,1046.0,811.325378,1326660
2010-01-28,1064.0,1076.0,990.0,1046.0,811.325378,857560
2010-01-29,1006.0,1026.0,933.0,950.0,736.8634030000001,1148115
2010-02-01,964.0,1038.0,950.0,1022.0,792.7099,1207260
2010-02-02,1046.0,1072.0,994.0,1008.0,781.850891,1005625
2010-02-03,1018.0,1078.0,1006.0,1076.0,834.594788,961095
2010-02-04,1060.0,1094.0,1056.0,1072.0,831.4921879999999,513965
2010-02-05,994.0,1018.0,960.0,992.0,769.4405519999999,947120
2010-02-08,1000.0,1012.0,951.0,957.0,742.292908,446135
2010-02-09,943.0,980.0,926.0,950.0,736.8634030000001,347600
2010-02-10,982.0,997.0,956.0,963.0,746.946838,463125
2010-02-11,950.0,1106.0,950.0,1106.0,857.8641359999999,3220150
2010-02-12,1134.0,1186.0,1060.0,1100.0,853.210266,7092530
2010-02-16,1100.0,1156.0,1088.0,1122.0,870.274475,2254165
2010-02-17,1142.0,1246.0,1120.0,1132.0,878.030945,6480630
2010-02-18,1160.0,1226.0,1128.0,1170.0,907.505432,3414695
2010-02-19,1170.0,1206.0,1100.0,1134.0,879.582214,2910550
2010-02-22,1174.0,1296.0,1166.0,1260.0,977.3134769999999,5641945
2010-02-23,1260.0,1270.0,1204.0,1226.0,950.941528,2491480
2010-02-24,1202.0,1230.0,1170.0,1174.0,910.608032,1744370
2010-02-25,1184.0,1200.0,1104.0,1108.0,859.415466,1204405
2010-02-26,1126.0,1184.0,1108.0,1140.0,884.236023,1676630
2010-03-02,1150.0,1168.0,1110.0,1112.0,862.518066,512440
2010-03-03,1104.0,1190.0,1104.0,1170.0,907.505432,1686650
2010-03-04,1184.0,1220.0,1128.0,1130.0,876.479675,2490170
2010-03-05,1152.0,1200.0,1150.0,1190.0,923.0183720000001,1505420
2010-03-08,1224.0,1224.0,1174.0,1220.0,946.287781,1509540
2010-03-09,1240.0,1240.0,1190.0,1194.0,926.120911,1315925
2010-03-10,1210.0,1216.0,1160.0,1166.0,904.402893,881605
2010-03-11,1176.0,1340.0,1164.0,1328.0,1030.057495,7642455
2010-03-12,1328.0,1432.0,1304.0,1342.0,1040.9165039999998,7486750
2010-03-15,1356.0,1416.0,1330.0,1330.0,1031.6088869999999,2989500
2010-03-16,1332.0,1460.0,1300.0,1350.0,1047.121704,5998495
2010-03-17,1396.0,1520.0,1350.0,1360.0,1054.878174,12119250
2010-03-18,1360.0,1390.0,1306.0,1336.0,1036.262695,2352370
2010-03-19,1322.0,1410.0,1320.0,1392.0,1079.69873,3752075
2010-03-22,1404.0,1466.0,1370.0,1450.0,1124.686279,4449800
2010-03-23,1464.0,1550.0,1420.0,1420.0,1101.41687,5766365
2010-03-24,1446.0,1470.0,1350.0,1372.0,1064.185913,1921815
2010-03-25,1400.0,1454.0,1380.0,1440.0,1116.9298099999999,2161850
2010-03-26,1442.0,1472.0,1420.0,1422.0,1102.96814,2437040
2010-03-29,1384.0,1394.0,1314.0,1338.0,1037.813965,1999665
2010-03-30,1344.0,1362.0,1262.0,1300.0,1008.339294,1446980
2010-03-31,1306.0,1306.0,1246.0,1290.0,1000.582825,1336075
2010-04-01,1290.0,1338.0,1266.0,1280.0,992.826477,1151570
2010-04-02,1280.0,1310.0,1242.0,1260.0,977.3134769999999,1010140
2010-04-05,1270.0,1280.0,1072.0,1206.0,935.42865,1476550
2010-04-06,1212.0,1212.0,1154.0,1204.0,933.8773800000001,644945
2010-04-07,1204.0,1248.0,1190.0,1222.0,947.8389890000001,781810
2010-04-08,1224.0,1260.0,1224.0,1226.0,950.941528,717325
2010-04-09,1226.0,1240.0,1130.0,1142.0,885.787415,1130135
2010-04-12,1150.0,1162.0,1086.0,1090.0,845.4537960000001,799430
2010-04-13,1090.0,1146.0,1060.0,1110.0,860.966675,807985
2010-04-14,1106.0,1144.0,1100.0,1128.0,874.9283449999999,414465
2010-04-15,1112.0,1138.0,1086.0,1086.0,842.3511960000001,460860
2010-04-16,1074.0,1080.0,1036.0,1056.0,819.081848,628115
2010-04-19,1056.0,1058.0,1010.0,1044.0,809.774109,401340
2010-04-20,1044.0,1072.0,1034.0,1042.0,808.222839,436630
2010-04-21,1056.0,1106.0,1050.0,1084.0,840.7998050000001,773970
2010-04-22,1098.0,1116.0,1078.0,1112.0,862.518066,470940
2010-04-23,1112.0,1126.0,1092.0,1124.0,871.8258060000001,422790
2010-04-26,1140.0,1172.0,1108.0,1168.0,905.9541630000001,1283335
2010-04-27,1184.0,1226.0,1112.0,1112.0,862.518066,1335140
2010-04-28,1074.0,1102.0,1064.0,1094.0,848.556335,523745
2010-04-29,1080.0,1110.0,1076.0,1094.0,848.556335,1823045
2010-04-30,1148.0,1230.0,1126.0,1162.0,901.300293,3062030
2010-05-03,1150.0,1268.0,1144.0,1242.0,963.3519289999999,1550150
2010-05-04,1268.0,1318.0,1226.0,1228.0,952.4929199999999,1868345
2010-05-06,1186.0,1230.0,1172.0,1198.0,929.2235109999999,951155
2010-05-07,1136.0,1170.0,1104.0,1152.0,893.5438230000001,1094150
2010-05-10,1156.0,1182.0,1136.0,1154.0,895.0951539999999,682370
2010-05-11,1180.0,1234.0,1162.0,1220.0,946.287781,1202800
2010-05-12,1240.0,1248.0,1206.0,1212.0,940.082642,886045
2010-05-13,1228.0,1232.0,1172.0,1172.0,909.056763,983710
2010-05-14,1162.0,1170.0,1114.0,1116.0,865.6206050000001,877855
2010-05-17,1120.0,1156.0,1080.0,1106.0,857.8641359999999,523625
2010-05-18,1124.0,1140.0,1074.0,1086.0,842.3511960000001,500220
2010-05-19,1068.0,1074.0,1036.0,1058.0,820.633118,416530
2010-05-20,1058.0,1058.0,960.0,990.0,767.889282,452850
2010-05-24,956.0,1000.0,953.0,972.0,753.9276120000001,307895
2010-05-25,946.0,972.0,830.0,850.0,659.298767,754625
2010-05-26,852.0,882.0,852.0,871.0,675.587402,341270
2010-05-27,852.0,917.0,852.0,900.0,698.0811160000001,214885
2010-05-28,916.0,998.0,901.0,951.0,737.638977,487980
2010-05-31,1000.0,1000.0,944.0,968.0,750.825012,286540
2010-06-01,965.0,983.0,940.0,957.0,742.292908,248885
2010-06-03,968.0,998.0,954.0,962.0,746.171204,208875
2010-06-04,970.0,980.0,941.0,952.0,738.414673,215095
2010-06-07,901.0,928.0,878.0,889.0,689.54895,248675
2010-06-08,917.0,937.0,891.0,917.0,711.26709,160095
2010-06-09,919.0,1030.0,919.0,1018.0,789.6073,939245
2010-06-10,1020.0,1058.0,991.0,1004.0,778.748291,392300
2010-06-11,1024.0,1038.0,989.0,1036.0,803.568909,434170
2010-06-14,1038.0,1140.0,1032.0,1056.0,819.081848,1429310
2010-06-15,1070.0,1080.0,1022.0,1034.0,802.0176389999999,333995
2010-06-16,1060.0,1066.0,1024.0,1042.0,808.222839,207095
2010-06-17,1030.0,1054.0,996.0,996.0,772.543152,528895
2010-06-18,988.0,1014.0,988.0,994.0,770.991821,153650
2010-06-21,996.0,1012.0,970.0,972.0,753.9276120000001,184830
2010-06-22,990.0,1024.0,990.0,1012.0,784.95343,296900
2010-06-23,1000.0,1020.0,974.0,999.0,774.870056,178835
2010-06-24,1004.0,1014.0,980.0,994.0,770.991821,186550
2010-06-25,980.0,980.0,954.0,960.0,744.6198730000001,192325
2010-06-28,960.0,970.0,934.0,941.0,729.882568,151770
2010-06-29,943.0,979.0,921.0,922.0,715.145264,142600
2010-06-30,902.0,970.0,846.0,952.0,738.414673,144430
2010-07-01,979.0,979.0,933.0,937.0,726.780029,97450
2010-07-02,940.0,1012.0,936.0,957.0,742.292908,681155
2010-07-05,969.0,990.0,960.0,972.0,753.9276120000001,178740
2010-07-06,982.0,982.0,951.0,972.0,753.9276120000001,130035
2010-07-07,994.0,994.0,951.0,960.0,744.6198730000001,79845
2010-07-08,982.0,982.0,957.0,962.0,746.171204,112935
2010-07-09,968.0,984.0,920.0,948.0,735.312134,119670
2010-07-12,931.0,971.0,924.0,953.0,739.190369,69220
2010-07-13,930.0,959.0,930.0,931.0,722.1261599999999,126595
2010-07-14,935.0,967.0,933.0,949.0,736.0877690000001,307945
2010-07-15,960.0,974.0,950.0,974.0,755.478943,126320
2010-07-16,974.0,986.0,945.0,986.0,764.786682,181990
2010-07-19,978.0,1000.0,961.0,989.0,767.113525,208200
2010-07-20,999.0,1112.0,982.0,1064.0,825.2869870000001,2699765
2010-07-21,1074.0,1222.0,1024.0,1222.0,947.8389890000001,5510440
2010-07-22,1270.0,1370.0,1200.0,1290.0,1000.582825,11855275
2010-07-23,1282.0,1380.0,1152.0,1200.0,930.774719,6158890
2010-07-26,1232.0,1286.0,1132.0,1172.0,909.056763,5062235
2010-07-27,1178.0,1270.0,1150.0,1214.0,941.63385,4341350
2010-07-28,1216.0,1326.0,1194.0,1240.0,961.800598,7788670
2010-07-29,1240.0,1250.0,1166.0,1168.0,905.9541630000001,1758640
2010-07-30,1168.0,1196.0,1090.0,1120.0,868.723206,1276630
2010-08-02,1112.0,1138.0,1100.0,1108.0,859.415466,916415
2010-08-03,1112.0,1158.0,1070.0,1078.0,836.146057,1680200
2010-08-04,1080.0,1120.0,1034.0,1054.0,817.5305179999999,2235250
2010-08-05,1060.0,1088.0,1050.0,1060.0,822.184387,944475
2010-08-06,1058.0,1078.0,1038.0,1042.0,808.222839,780715
2010-08-09,1044.0,1060.0,1030.0,1036.0,803.568909,589005
2010-08-10,1038.0,1096.0,1020.0,1070.0,829.940857,1025845
2010-08-11,1078.0,1094.0,979.0,988.0,766.337952,943610
2010-08-12,978.0,990.0,926.0,950.0,736.8634030000001,592450
2010-08-13,950.0,984.0,946.0,973.0,754.703308,336665
2010-08-16,964.0,989.0,940.0,989.0,767.113525,196805
2010-08-17,975.0,1014.0,967.0,994.0,770.991821,397235
2010-08-18,1012.0,1020.0,986.0,986.0,764.786682,249605
2010-08-19,998.0,998.0,970.0,986.0,764.786682,277545
2010-08-20,986.0,994.0,952.0,963.0,746.946838,291405
2010-08-23,989.0,1082.0,966.0,1058.0,820.633118,1433845
2010-08-24,1080.0,1128.0,1002.0,1002.0,777.19696,1837715
2010-08-25,1034.0,1096.0,1014.0,1028.0,797.36377,1539190
2010-08-26,1030.0,1036.0,983.0,983.0,762.459717,491475
2010-08-27,970.0,1010.0,959.0,960.0,744.6198730000001,343640
2010-08-30,980.0,1004.0,962.0,962.0,746.171204,263525
2010-08-31,984.0,1096.0,980.0,1080.0,837.697266,1662395
2010-09-01,1080.0,1152.0,1042.0,1042.0,808.222839,1872085
2010-09-02,1060.0,1078.0,1040.0,1040.0,806.67157,420955
2010-09-03,1054.0,1118.0,1046.0,1098.0,851.6589359999999,784790
2010-09-06,1102.0,1130.0,1076.0,1086.0,842.3511960000001,471320
2010-09-07,1088.0,1120.0,1058.0,1060.0,822.184387,744425
2010-09-08,1060.0,1070.0,1018.0,1026.0,795.8125,404110
2010-09-09,1036.0,1080.0,1036.0,1060.0,822.184387,408680
2010-09-10,1058.0,1104.0,1048.0,1104.0,856.312805,865460
2010-09-13,1100.0,1136.0,1088.0,1098.0,851.6589359999999,1320510
2010-09-14,1108.0,1120.0,1044.0,1052.0,815.9792480000001,717665
2010-09-15,1060.0,1066.0,1000.0,1006.0,780.2995,946050
2010-09-16,1008.0,1074.0,1008.0,1040.0,806.67157,1410380
2010-09-17,1040.0,1058.0,1020.0,1030.0,798.915039,371240
2010-09-20,1030.0,1044.0,1000.0,1012.0,784.95343,272020
2010-09-24,1014.0,1040.0,1006.0,1028.0,797.36377,272405
2010-09-27,1030.0,1048.0,1028.0,1046.0,811.325378,382060
2010-09-28,1052.0,1060.0,1024.0,1024.0,794.261169,378115
2010-09-29,1040.0,1106.0,1034.0,1104.0,856.312805,1118015
2010-09-30,1120.0,1122.0,1078.0,1096.0,850.107666,984550
2010-10-01,1102.0,1122.0,1084.0,1090.0,845.4537960000001,812605
2010-10-04,1104.0,1234.0,1090.0,1176.0,912.1593019999999,2400180
2010-10-05,1176.0,1220.0,1164.0,1180.0,915.261902,1486325
2010-10-06,1180.0,1220.0,1150.0,1152.0,893.5438230000001,902310
2010-10-07,1156.0,1214.0,1128.0,1128.0,874.9283449999999,1297975
2010-10-08,1128.0,1164.0,1124.0,1130.0,876.479675,552995
2010-10-11,1160.0,1160.0,1062.0,1092.0,847.005066,822450
2010-10-12,1100.0,1122.0,1070.0,1094.0,848.556335,426645
2010-10-13,1110.0,1170.0,1084.0,1136.0,881.133484,897080
2010-10-14,1154.0,1164.0,1120.0,1162.0,901.300293,366640
2010-10-15,1170.0,1200.0,1150.0,1176.0,912.1593019999999,745820
2010-10-18,1162.0,1192.0,1100.0,1176.0,912.1593019999999,365795
2010-10-19,1164.0,1172.0,1146.0,1148.0,890.441223,392360
2010-10-20,1148.0,1160.0,1128.0,1158.0,898.197693,361940
2010-10-21,1158.0,1220.0,1158.0,1180.0,915.261902,1030025
2010-10-22,1200.0,1280.0,1190.0,1270.0,985.070068,1752615
2010-10-25,1296.0,1296.0,1234.0,1270.0,985.070068,780725
2010-10-26,1278.0,1286.0,1230.0,1250.0,969.557068,555645
2010-10-27,1252.0,1294.0,1252.0,1264.0,980.416077,938455
2010-10-28,1290.0,1358.0,1274.0,1324.0,1026.954834,1638250
2010-10-29,1308.0,1322.0,1234.0,1250.0,969.557068,722550
2010-11-01,1226.0,1252.0,1210.0,1222.0,947.8389890000001,558330
2010-11-02,1222.0,1250.0,1202.0,1202.0,932.326172,407555
2010-11-03,1202.0,1220.0,1140.0,1152.0,893.5438230000001,1065110
2010-11-04,1128.0,1190.0,1128.0,1164.0,902.851563,515905
2010-11-05,1180.0,1186.0,1120.0,1138.0,882.6848140000001,523280
2010-11-08,1138.0,1158.0,1124.0,1136.0,881.133484,384155
2010-11-09,1124.0,1138.0,1090.0,1096.0,850.107666,483385
2010-11-10,1086.0,1150.0,1086.0,1114.0,864.069275,527980
2010-11-11,1116.0,1186.0,1116.0,1156.0,896.646423,927210
2010-11-12,1156.0,1172.0,1102.0,1136.0,881.133484,467140
2010-11-15,1142.0,1144.0,1060.0,1082.0,839.248657,524640
2010-11-16,1080.0,1084.0,992.0,1022.0,792.7099,706205
2010-11-17,993.0,1040.0,993.0,1036.0,803.568909,175870
2010-11-18,1040.0,1058.0,1030.0,1058.0,820.633118,110850
2010-11-19,1060.0,1076.0,1028.0,1064.0,825.2869870000001,205795
2010-11-22,1054.0,1066.0,1026.0,1026.0,795.8125,149540
2010-11-23,1012.0,1046.0,1012.0,1038.0,805.120239,210615
2010-11-24,958.0,1016.0,958.0,1004.0,778.748291,342265
2010-11-25,1016.0,1026.0,998.0,1012.0,784.95343,205620
2010-11-26,1012.0,1012.0,956.0,960.0,744.6198730000001,365350
2010-11-29,988.0,988.0,962.0,970.0,752.376343,80555
2010-11-30,964.0,996.0,964.0,986.0,764.786682,158150
2010-12-01,990.0,1016.0,978.0,987.0,765.562317,200985
2010-12-02,999.0,1010.0,986.0,998.0,774.094421,94790
2010-12-03,1000.0,1002.0,983.0,990.0,767.889282,137895
2010-12-06,990.0,1006.0,982.0,1000.0,775.645691,123160
2010-12-07,993.0,1012.0,989.0,1004.0,778.748291,59025
2010-12-08,1000.0,1004.0,980.0,994.0,770.991821,93685
2010-12-09,1016.0,1016.0,986.0,1004.0,778.748291,64050
2010-12-10,1000.0,1008.0,990.0,1002.0,777.19696,100415
2010-12-13,1008.0,1008.0,990.0,1002.0,777.19696,120700
2010-12-14,1002.0,1012.0,992.0,1008.0,781.850891,171175
2010-12-15,1004.0,1008.0,991.0,1004.0,778.748291,120460
2010-12-16,1004.0,1048.0,994.0,1030.0,798.915039,356580
2010-12-17,1032.0,1032.0,987.0,992.0,769.4405519999999,242805
2010-12-20,964.0,980.0,946.0,956.0,741.517212,279245
2010-12-21,957.0,982.0,957.0,973.0,754.703308,161445
2010-12-22,962.0,980.0,957.0,969.0,751.600708,112260
2010-12-23,964.0,979.0,958.0,964.0,747.722412,124430
2010-12-24,960.0,975.0,960.0,965.0,748.498108,76855
2010-12-27,975.0,975.0,941.0,941.0,729.882568,190865
2010-12-28,941.0,949.0,889.0,921.0,714.369629,283050
2010-12-29,906.0,938.0,905.0,920.0,754.558044,103735
2010-12-30,950.0,955.0,922.0,955.0,783.264099,136530
2011-01-03,962.0,976.0,952.0,970.0,795.56665,81065
2011-01-04,970.0,972.0,952.0,967.0,793.10614,146470
2011-01-05,980.0,987.0,967.0,987.0,809.509583,147150
2011-01-06,997.0,997.0,964.0,980.0,803.768433,107820
2011-01-07,981.0,1020.0,979.0,983.0,806.228943,333015
2011-01-10,980.0,996.0,962.0,977.0,801.307861,114315
2011-01-11,976.0,976.0,952.0,967.0,793.10614,104480
2011-01-12,980.0,990.0,938.0,959.0,786.5447389999999,203030
2011-01-13,976.0,976.0,948.0,963.0,789.8255,206850
2011-01-14,954.0,978.0,931.0,933.0,765.220337,190980
2011-01-17,949.0,957.0,930.0,955.0,783.264099,145325
2011-01-18,965.0,965.0,944.0,952.0,780.803589,86740
2011-01-19,952.0,963.0,936.0,943.0,773.4219969999999,141465
2011-01-20,957.0,960.0,930.0,960.0,787.36499,100840
2011-01-21,960.0,960.0,920.0,944.0,774.242249,96740
2011-01-24,956.0,956.0,898.0,898.0,736.514282,133405
2011-01-25,896.0,908.0,880.0,898.0,736.514282,260535
2011-01-26,902.0,914.0,884.0,899.0,737.334473,88740
2011-01-27,888.0,915.0,884.0,886.0,726.672302,67800
2011-01-28,884.0,902.0,821.0,827.0,678.282166,235270
2011-01-31,827.0,842.0,820.0,827.0,678.282166,127650
2011-02-01,828.0,838.0,820.0,826.0,677.461914,116630
2011-02-07,830.0,843.0,824.0,824.0,675.821594,101650
2011-02-08,824.0,867.0,824.0,864.0,708.628479,96915
2011-02-09,867.0,867.0,847.0,852.0,698.7863769999999,59975
2011-02-10,860.0,867.0,825.0,833.0,683.203125,92270
2011-02-11,840.0,852.0,820.0,820.0,672.5408940000001,75285
2011-02-14,823.0,837.0,814.0,825.0,676.6417240000001,86180
2011-02-15,837.0,842.0,812.0,831.0,681.5627440000001,123510
2011-02-16,836.0,838.0,816.0,828.0,679.102234,57620
2011-02-17,834.0,834.0,813.0,826.0,677.461914,72470
2011-02-18,834.0,834.0,819.0,834.0,684.023315,100765
2011-02-21,835.0,900.0,835.0,860.0,705.3477780000001,298385
2011-02-22,842.0,859.0,836.0,846.0,693.8653559999999,136755
2011-02-23,848.0,859.0,838.0,853.0,699.606567,117345
2011-02-24,842.0,856.0,839.0,853.0,699.606567,120755
2011-02-25,853.0,869.0,840.0,860.0,705.3477780000001,144915
2011-02-28,860.0,875.0,834.0,838.0,687.304016,111940
2011-03-02,822.0,840.0,812.0,824.0,675.821594,106050
2011-03-03,824.0,840.0,824.0,840.0,688.944336,91175
2011-03-04,840.0,852.0,822.0,840.0,688.944336,105145
2011-03-07,826.0,842.0,826.0,840.0,688.944336,57285
2011-03-08,840.0,852.0,814.0,832.0,682.382996,180530
2011-03-09,835.0,835.0,805.0,810.0,664.339233,142980
2011-03-10,810.0,817.0,773.0,800.0,656.1374509999999,230795
2011-03-11,790.0,821.0,781.0,806.0,661.058411,56990
2011-03-14,801.0,806.0,751.0,770.0,631.5323490000001,122360
2011-03-15,751.0,786.0,677.0,728.0,597.085022,235330
2011-03-16,749.0,749.0,681.0,704.0,577.401001,97670
2011-03-17,679.0,691.0,668.0,676.0,554.436157,227460
2011-03-18,698.0,720.0,676.0,695.0,570.0194700000001,121030
2011-03-21,688.0,726.0,688.0,726.0,595.444763,85775
2011-03-22,730.0,738.0,724.0,729.0,597.905334,104730
2011-03-23,740.0,749.0,720.0,729.0,597.905334,126995
2011-03-24,729.0,737.0,722.0,734.0,602.006104,106695
2011-03-25,740.0,740.0,730.0,734.0,602.006104,87195
2011-03-28,729.0,817.0,729.0,817.0,670.080383,447800
2011-03-29,870.0,892.0,840.0,850.0,697.146057,950765
2011-03-30,841.0,841.0,801.0,820.0,672.5408940000001,319155
2011-03-31,820.0,826.0,787.0,806.0,661.058411,175435
2011-04-01,828.0,853.0,810.0,816.0,669.260254,198960
2011-04-04,822.0,832.0,794.0,804.0,659.418152,129265
2011-04-05,812.0,816.0,799.0,804.0,659.418152,51740
2011-04-06,799.0,814.0,782.0,798.0,654.497131,126495
2011-04-07,798.0,804.0,774.0,794.0,651.216431,107645
2011-04-08,785.0,800.0,773.0,780.0,639.734009,83305
2011-04-11,811.0,811.0,769.0,782.0,641.3743900000001,166100
2011-04-12,787.0,787.0,763.0,776.0,636.4533690000001,89095
2011-04-13,776.0,776.0,752.0,761.0,624.150757,84665
2011-04-14,758.0,789.0,752.0,789.0,647.115601,66155
2011-04-15,798.0,798.0,779.0,798.0,654.497131,69545
2011-04-18,801.0,801.0,784.0,795.0,652.03656,114340
2011-04-19,806.0,806.0,773.0,790.0,647.9356690000001,83060
2011-04-20,781.0,798.0,774.0,792.0,649.5761719999999,95310
2011-04-21,788.0,802.0,780.0,802.0,657.777832,173960
2011-04-22,802.0,812.0,770.0,771.0,632.352478,127665
2011-04-25,790.0,790.0,751.0,762.0,624.970947,56370
2011-04-26,766.0,798.0,724.0,743.0,609.3876339999999,236850
2011-04-27,744.0,765.0,738.0,744.0,610.207825,30700
2011-04-28,752.0,753.0,722.0,724.0,593.804443,101195
2011-04-29,720.0,755.0,700.0,755.0,619.229736,112225
2011-05-02,738.0,750.0,728.0,732.0,600.365784,92670
2011-05-03,720.0,738.0,706.0,719.0,589.703552,85105
2011-05-04,705.0,725.0,700.0,709.0,581.5018309999999,117240
2011-05-06,709.0,709.0,691.0,693.0,568.379089,98520
2011-05-09,700.0,796.0,700.0,796.0,652.856812,1089930
2011-05-11,812.0,915.0,812.0,880.0,721.751221,4119785
2011-05-12,880.0,880.0,820.0,833.0,683.203125,989295
2011-05-13,840.0,856.0,751.0,770.0,631.5323490000001,1169390
2011-05-16,770.0,804.0,765.0,799.0,655.317261,511310
2011-05-17,808.0,808.0,773.0,796.0,652.856812,210155
2011-05-18,796.0,807.0,737.0,759.0,622.510376,508275
2011-05-19,764.0,764.0,722.0,734.0,602.006104,301610
2011-05-20,734.0,748.0,702.0,739.0,606.106995,284925
2011-05-23,744.0,744.0,708.0,719.0,589.703552,97240
2011-05-24,724.0,729.0,700.0,723.0,592.984192,98670
2011-05-25,708.0,723.0,700.0,700.0,574.1203,63530
2011-05-26,701.0,726.0,701.0,719.0,589.703552,124450
2011-05-27,740.0,740.0,700.0,725.0,594.624512,203605
2011-05-30,728.0,739.0,710.0,720.0,590.523743,76720
2011-05-31,730.0,744.0,712.0,736.0,603.646484,163170
2011-06-01,736.0,750.0,726.0,740.0,606.927185,93780
2011-06-02,722.0,784.0,719.0,760.0,623.3306269999999,299660
2011-06-03,778.0,778.0,742.0,763.0,625.791077,127785
2011-06-07,790.0,830.0,722.0,762.0,624.970947,417250
2011-06-08,770.0,850.0,770.0,797.0,653.676941,1038995
2011-06-09,805.0,840.0,774.0,806.0,661.058411,1175275
2011-06-10,820.0,835.0,771.0,777.0,637.273499,206950
2011-06-13,778.0,790.0,742.0,757.0,620.8701169999999,153240
2011-06-14,731.0,780.0,728.0,741.0,607.747314,226360
2011-06-15,730.0,760.0,730.0,760.0,623.3306269999999,145785
2011-06-16,769.0,769.0,738.0,740.0,606.927185,83215
2011-06-17,733.0,754.0,710.0,724.0,593.804443,125675
2011-06-20,724.0,747.0,721.0,739.0,606.106995,93450
2011-06-21,734.0,739.0,720.0,738.0,605.286804,63655
2011-06-22,734.0,748.0,722.0,736.0,603.646484,104015
2011-06-23,728.0,756.0,724.0,742.0,608.567505,98055
2011-06-24,743.0,760.0,734.0,760.0,623.3306269999999,200960
2011-06-27,760.0,770.0,741.0,770.0,631.5323490000001,99300
2011-06-28,800.0,800.0,768.0,772.0,633.1726070000001,238370
2011-06-29,780.0,790.0,756.0,778.0,638.0936889999999,109135
2011-06-30,800.0,800.0,776.0,793.0,650.39624,155695
2011-07-01,793.0,805.0,775.0,800.0,656.1374509999999,300105
2011-07-04,820.0,820.0,794.0,794.0,651.216431,151310
2011-07-05,800.0,804.0,778.0,793.0,650.39624,187180
2011-07-06,781.0,798.0,775.0,798.0,654.497131,145030
2011-07-07,779.0,808.0,779.0,801.0,656.957703,147365
2011-07-08,808.0,808.0,792.0,800.0,656.1374509999999,48425
2011-07-11,799.0,806.0,787.0,802.0,657.777832,68935
2011-07-12,800.0,802.0,780.0,785.0,643.8349,147675
2011-07-13,799.0,809.0,785.0,796.0,652.856812,91480
2011-07-14,807.0,840.0,795.0,825.0,676.6417240000001,367850
2011-07-15,846.0,846.0,808.0,827.0,678.282166,261850
2011-07-18,840.0,849.0,812.0,821.0,673.361084,262040
2011-07-19,822.0,834.0,816.0,833.0,683.203125,126915
2011-07-20,850.0,860.0,819.0,820.0,672.5408940000001,376475
2011-07-21,832.0,943.0,818.0,884.0,725.0318599999999,1709845
2011-07-22,899.0,908.0,867.0,891.0,730.773132,439770
2011-07-25,892.0,900.0,848.0,894.0,733.2336429999999,322700
2011-07-26,891.0,891.0,854.0,888.0,728.3126219999999,235840
2011-07-27,888.0,896.0,868.0,868.0,711.909119,172590
2011-07-28,845.0,874.0,844.0,868.0,711.909119,198425
2011-07-29,876.0,894.0,851.0,890.0,729.952942,260410
2011-08-01,890.0,1020.0,887.0,973.0,798.0272219999999,991580
2011-08-02,954.0,970.0,923.0,937.0,768.501038,544285
2011-08-03,920.0,949.0,879.0,934.0,766.040466,222745
2011-08-04,912.0,1060.0,911.0,1018.0,834.934937,2333475
2011-08-05,950.0,1080.0,950.0,1058.0,867.7418210000001,1947070
2011-08-08,1058.0,1142.0,950.0,961.0,788.18512,2326335
2011-08-09,900.0,1090.0,817.0,980.0,803.768433,2178125
2011-08-10,1060.0,1070.0,1002.0,1018.0,834.934937,1006755
2011-08-11,920.0,1036.0,919.0,996.0,816.891113,938740
2011-08-12,1046.0,1094.0,992.0,996.0,816.891113,2235295
2011-08-16,1034.0,1144.0,1030.0,1144.0,938.2766109999999,2535590
2011-08-17,1150.0,1194.0,1130.0,1170.0,959.601074,2394315
2011-08-18,1184.0,1184.0,1096.0,1166.0,956.320374,1543610
2011-08-19,1098.0,1182.0,1088.0,1110.0,910.390686,1683580
2011-08-22,1122.0,1276.0,1122.0,1276.0,1046.5391849999999,5217395
2011-08-23,1340.0,1436.0,1206.0,1260.0,1033.416626,9060490
2011-08-24,1296.0,1296.0,1192.0,1200.0,984.2061769999999,2393320
2011-08-25,1220.0,1236.0,1076.0,1076.0,882.5049439999999,2714215
2011-08-26,1086.0,1116.0,1052.0,1100.0,902.189026,1382005
2011-08-29,1124.0,1134.0,1082.0,1082.0,887.425964,844720
2011-08-30,1088.0,1112.0,1020.0,1024.0,839.855957,1467780
2011-08-31,1056.0,1060.0,1012.0,1024.0,839.855957,741490
2011-09-01,1026.0,1080.0,1022.0,1034.0,848.0576779999999,1200275
2011-09-02,1034.0,1176.0,1034.0,1144.0,938.2766109999999,1749845
2011-09-05,1190.0,1230.0,1130.0,1140.0,934.995911,1409490
2011-09-06,1108.0,1124.0,990.0,999.0,819.351685,1145380
2011-09-07,1028.0,1062.0,997.0,1008.0,826.733154,533870
2011-09-08,1026.0,1034.0,945.0,959.0,786.5447389999999,722220
2011-09-09,980.0,980.0,934.0,940.0,770.961487,372880
2011-09-14,941.0,989.0,934.0,953.0,781.623779,369630
2011-09-15,988.0,988.0,882.0,938.0,769.321167,538540
2011-09-16,944.0,978.0,941.0,956.0,784.084229,302880
2011-09-19,966.0,1014.0,948.0,951.0,779.9833980000001,797065
2011-09-20,952.0,975.0,900.0,936.0,767.680847,889840
2011-09-21,946.0,986.0,940.0,944.0,774.242249,558030
2011-09-22,916.0,923.0,890.0,899.0,737.334473,666790
2011-09-23,870.0,940.0,850.0,890.0,729.952942,661610
2011-09-26,896.0,920.0,757.0,757.0,620.8701169999999,769735
2011-09-27,760.0,812.0,760.0,782.0,641.3743900000001,595850
2011-09-28,813.0,813.0,760.0,760.0,623.3306269999999,538175
2011-09-29,744.0,783.0,740.0,758.0,621.690247,305580
2011-09-30,778.0,812.0,759.0,781.0,640.554199,364040
2011-10-04,738.0,760.0,712.0,740.0,606.927185,362225
2011-10-05,775.0,775.0,701.0,701.0,574.94043,263650
2011-10-06,710.0,740.0,670.0,699.0,573.30011,217940
2011-10-07,708.0,743.0,708.0,731.0,599.5455929999999,239765
2011-10-10,738.0,800.0,733.0,799.0,655.317261,438900
2011-10-11,833.0,833.0,760.0,780.0,639.734009,327315
2011-10-12,806.0,806.0,750.0,783.0,642.19458,221375
2011-10-13,800.0,849.0,786.0,849.0,696.325867,427570
2011-10-14,849.0,849.0,814.0,816.0,669.260254,232090
2011-10-17,828.0,853.0,827.0,839.0,688.1242070000001,291115
2011-10-18,814.0,850.0,784.0,804.0,659.418152,387360
2011-10-19,809.0,825.0,784.0,786.0,644.6550900000001,271535
2011-10-20,777.0,798.0,751.0,774.0,634.812988,447830
2011-10-21,798.0,800.0,763.0,766.0,628.251587,426000
2011-10-24,771.0,788.0,760.0,769.0,630.712097,304365
2011-10-25,786.0,800.0,761.0,777.0,637.273499,313530
2011-10-26,760.0,790.0,760.0,762.0,624.970947,175505
2011-10-27,763.0,804.0,763.0,773.0,633.992859,219215
2011-10-28,790.0,816.0,773.0,780.0,639.734009,266010
2011-10-31,784.0,809.0,784.0,788.0,646.29541,228740
2011-11-01,778.0,796.0,775.0,794.0,651.216431,228750
2011-11-02,771.0,782.0,755.0,772.0,633.1726070000001,157895
2011-11-03,792.0,810.0,750.0,755.0,619.229736,522920
2011-11-04,780.0,784.0,762.0,770.0,631.5323490000001,316650
2011-11-07,768.0,780.0,766.0,770.0,631.5323490000001,341660
2011-11-08,769.0,785.0,757.0,770.0,631.5323490000001,405200
2011-11-09,776.0,856.0,776.0,786.0,644.6550900000001,827815
2011-11-10,762.0,769.0,720.0,720.0,590.523743,526880
2011-11-11,737.0,744.0,720.0,736.0,603.646484,389715
2011-11-14,740.0,753.0,736.0,740.0,606.927185,184265
2011-11-15,740.0,746.0,732.0,736.0,603.646484,108565
2011-11-16,735.0,758.0,721.0,722.0,592.1640629999999,290445
2011-11-17,722.0,741.0,720.0,734.0,602.006104,84870
2011-11-18,726.0,737.0,712.0,714.0,585.602722,233390
2011-11-21,715.0,715.0,676.0,676.0,554.436157,536690
2011-11-22,676.0,690.0,664.0,679.0,556.896729,209755
2011-11-23,680.0,689.0,655.0,675.0,553.615967,331080
2011-11-24,668.0,678.0,656.0,666.0,546.234375,90900
2011-11-25,660.0,675.0,651.0,659.0,540.493225,193185
2011-11-28,658.0,683.0,654.0,658.0,539.6730349999999,156175
2011-11-29,670.0,674.0,658.0,661.0,542.133606,228960
2011-11-30,662.0,706.0,661.0,684.0,560.997559,303915
2011-12-01,721.0,721.0,688.0,698.0,572.479919,249115
2011-12-02,686.0,706.0,686.0,699.0,573.30011,87500
2011-12-05,707.0,720.0,691.0,707.0,579.86145,272760
2011-12-06,708.0,736.0,706.0,714.0,585.602722,325950
2011-12-07,722.0,731.0,706.0,713.0,584.7825320000001,209050
2011-12-08,710.0,720.0,703.0,703.0,576.580811,165760
2011-12-09,702.0,725.0,693.0,722.0,592.1640629999999,304975
2011-12-12,736.0,750.0,722.0,732.0,600.365784,263035
2011-12-13,736.0,744.0,722.0,734.0,602.006104,115200
2011-12-14,749.0,780.0,742.0,760.0,623.3306269999999,265080
2011-12-15,760.0,760.0,721.0,728.0,597.085022,164685
2011-12-16,740.0,749.0,729.0,730.0,598.725464,94995
2011-12-19,730.0,759.0,663.0,680.0,557.716858,353040
2011-12-20,675.0,718.0,675.0,699.0,573.30011,86900
2011-12-21,707.0,740.0,707.0,732.0,600.365784,168905
2011-12-22,738.0,743.0,727.0,732.0,600.365784,88025
2011-12-23,745.0,758.0,735.0,753.0,617.589355,175415
2011-12-26,750.0,865.0,750.0,865.0,709.448608,1574920
2011-12-27,880.0,892.0,802.0,802.0,657.777832,1230950
2011-12-28,811.0,830.0,770.0,793.0,693.6406860000001,626870
2011-12-29,806.0,847.0,793.0,793.0,693.6406860000001,613110
2012-01-02,793.0,911.0,793.0,911.0,796.855835,1995450
2012-01-03,951.0,976.0,875.0,880.0,769.73999,2130350
2012-01-04,900.0,1012.0,883.0,1012.0,885.200989,1114795
2012-01-05,1158.0,1162.0,1134.0,1162.0,1016.4067380000001,1116025
2012-01-06,1334.0,1336.0,1164.0,1262.0,1103.877197,9514060
2012-01-09,1168.0,1330.0,1074.0,1190.0,1040.8983150000001,6891515
2012-01-10,1220.0,1302.0,1172.0,1190.0,1040.8983150000001,5524270
2012-01-11,1160.0,1170.0,1012.0,1012.0,885.200989,3864875
2012-01-12,1028.0,1044.0,952.0,956.0,836.217529,1745895
2012-01-13,1032.0,1098.0,996.0,1086.0,949.929077,7222980
2012-01-16,1084.0,1100.0,1004.0,1006.0,879.952759,2359470
2012-01-17,1032.0,1156.0,1032.0,1156.0,1011.158386,5489125
2012-01-18,1132.0,1152.0,1020.0,1036.0,906.193848,3448035
2012-01-19,1074.0,1170.0,1042.0,1110.0,970.921936,3481225
2012-01-20,1110.0,1120.0,1040.0,1116.0,976.170288,1344845
2012-01-25,1116.0,1164.0,1092.0,1106.0,967.4231570000001,1344680
2012-01-26,1170.0,1270.0,1170.0,1270.0,1110.874634,8051980
2012-01-27,1300.0,1318.0,1200.0,1200.0,1049.645386,6470435
2012-01-30,1190.0,1224.0,1158.0,1174.0,1026.903076,1449290
2012-01-31,1194.0,1222.0,1168.0,1200.0,1049.645386,1352180
2012-02-01,1200.0,1210.0,1116.0,1140.0,997.163208,2088760
2012-02-02,1148.0,1160.0,1034.0,1080.0,944.680908,1767485
2012-02-03,1116.0,1182.0,1094.0,1094.0,956.9267580000001,2195705
2012-02-06,1106.0,1110.0,1060.0,1074.0,939.4326169999999,827735
2012-02-07,1070.0,1206.0,1068.0,1116.0,976.170288,3273285
2012-02-08,1104.0,1136.0,1076.0,1082.0,946.430298,988850
2012-02-09,1098.0,1206.0,1086.0,1140.0,997.163208,2146915
2012-02-10,1122.0,1150.0,1094.0,1102.0,963.9244380000001,920875
2012-02-13,1102.0,1142.0,1102.0,1128.0,986.6666869999999,687520
2012-02-14,1126.0,1174.0,1104.0,1112.0,972.671448,950570
2012-02-15,1128.0,1212.0,1112.0,1122.0,981.4185789999999,2832125
2012-02-16,1140.0,1186.0,1120.0,1150.0,1005.910217,1280955
2012-02-17,1160.0,1220.0,1150.0,1180.0,1032.151367,1724490
2012-02-20,1180.0,1194.0,1162.0,1174.0,1026.903076,857565
2012-02-21,1182.0,1200.0,1158.0,1174.0,1026.903076,681710
2012-02-22,1170.0,1194.0,1128.0,1140.0,997.163208,803745
2012-02-23,1142.0,1144.0,1112.0,1128.0,986.6666869999999,430605
2012-02-24,1142.0,1190.0,1112.0,1112.0,972.671448,544180
2012-02-27,1122.0,1154.0,1102.0,1112.0,972.671448,352565
2012-02-28,1124.0,1140.0,1102.0,1128.0,986.6666869999999,263440
2012-02-29,1120.0,1148.0,1116.0,1128.0,986.6666869999999,236190
2012-03-02,1128.0,1142.0,1058.0,1080.0,944.680908,739890
2012-03-05,1080.0,1082.0,1020.0,1034.0,904.4445189999999,515325
2012-03-06,1046.0,1070.0,1000.0,1034.0,904.4445189999999,459375
2012-03-07,1044.0,1044.0,1004.0,1026.0,897.446777,156420
2012-03-08,1020.0,1072.0,1020.0,1054.0,921.9385990000001,282705
2012-03-09,1080.0,1156.0,1060.0,1094.0,956.9267580000001,482275
2012-03-12,1106.0,1126.0,1074.0,1080.0,944.680908,179520
2012-03-13,1086.0,1106.0,1080.0,1092.0,955.177368,91350
2012-03-14,1108.0,1180.0,1100.0,1148.0,1004.160767,1420560
2012-03-15,1150.0,1174.0,1116.0,1136.0,993.664368,453565
2012-03-16,1132.0,1170.0,1116.0,1120.0,979.669067,397575
2012-03-19,1126.0,1172.0,1126.0,1146.0,1002.4113769999999,462850
2012-03-20,1156.0,1170.0,1134.0,1138.0,995.413818,214895
2012-03-21,1128.0,1156.0,1128.0,1144.0,1000.661865,162935
2012-03-22,1144.0,1150.0,1114.0,1124.0,983.167847,185725
2012-03-23,1120.0,1184.0,1110.0,1158.0,1012.907898,538945
2012-03-26,1180.0,1304.0,1172.0,1220.0,1067.139526,3970310
2012-03-27,1222.0,1278.0,1122.0,1122.0,981.4185789999999,1657375
2012-03-28,1120.0,1206.0,1098.0,1160.0,1014.6572880000001,1501170
2012-03-29,1160.0,1196.0,1080.0,1120.0,979.669067,964875
2012-03-30,1124.0,1148.0,1090.0,1090.0,953.4279789999999,664455
2012-04-02,1094.0,1094.0,1050.0,1050.0,918.439758,383790
2012-04-03,1054.0,1090.0,1034.0,1036.0,906.193848,283375
2012-04-04,1034.0,1050.0,1012.0,1030.0,900.9456789999999,252260
2012-04-05,1018.0,1042.0,1008.0,1030.0,900.9456789999999,128500
2012-04-06,1020.0,1046.0,1020.0,1030.0,900.9456789999999,108410
2012-04-09,1020.0,1020.0,960.0,961.0,840.5910640000001,449125
2012-04-10,921.0,1038.0,921.0,966.0,844.9645390000001,192265
2012-04-12,966.0,1000.0,966.0,976.0,853.711609,64920
2012-04-13,976.0,1022.0,976.0,1008.0,881.7021480000001,114245
2012-04-16,1008.0,1070.0,1008.0,1070.0,935.933838,129175
2012-04-17,1070.0,1070.0,1020.0,1032.0,902.695068,106240
2012-04-18,1036.0,1076.0,1036.0,1076.0,941.1821289999999,82245
2012-04-19,1076.0,1090.0,1040.0,1048.0,916.690308,103395
2012-04-20,1090.0,1090.0,1032.0,1032.0,902.695068,55155
2012-04-23,1040.0,1044.0,1030.0,1030.0,900.9456789999999,33190
2012-04-24,1020.0,1050.0,1006.0,1050.0,918.439758,91815
2012-04-25,1054.0,1076.0,1020.0,1020.0,892.198608,53745
2012-04-26,1012.0,1056.0,1000.0,1000.0,874.7045289999999,84045
2012-04-27,1002.0,1040.0,1000.0,1000.0,874.7045289999999,47065
2012-04-30,1004.0,1072.0,1004.0,1026.0,897.446777,178020
2012-05-02,1026.0,1090.0,1020.0,1068.0,934.1844480000001,142245
2012-05-03,1088.0,1090.0,913.0,1058.0,925.437378,114270
2012-05-04,1048.0,1096.0,1040.0,1068.0,934.1844480000001,176495
2012-05-07,1030.0,1068.0,1026.0,1050.0,918.439758,88260
2012-05-08,1098.0,1132.0,1056.0,1114.0,974.4208980000001,175015
2012-05-09,1150.0,1156.0,1084.0,1106.0,967.4231570000001,126890
2012-05-10,1122.0,1132.0,1092.0,1100.0,962.1749880000001,50515
2012-05-11,1120.0,1120.0,1060.0,1062.0,928.9362179999999,45710
2012-05-14,1040.0,1080.0,1040.0,1064.0,930.685608,64895
2012-05-15,1046.0,1076.0,1016.0,1046.0,914.940918,73200
2012-05-16,1040.0,1076.0,1036.0,1040.0,909.692749,86070
2012-05-17,1030.0,1098.0,1010.0,1042.0,911.4421390000001,133020
2012-05-18,1042.0,1054.0,980.0,980.0,857.210449,109340
2012-05-21,1010.0,1028.0,976.0,980.0,857.210449,37375
2012-05-22,961.0,1034.0,961.0,1020.0,892.198608,132200
2012-05-23,1002.0,1028.0,985.0,1008.0,881.7021480000001,54610
2012-05-24,1004.0,1040.0,992.0,1022.0,893.948059,52315
2012-05-25,1046.0,1048.0,1026.0,1032.0,902.695068,22620
2012-05-29,1032.0,1048.0,1014.0,1022.0,893.948059,59110
2012-05-30,1032.0,1086.0,1020.0,1036.0,906.193848,76590
2012-05-31,1034.0,1036.0,1008.0,1008.0,881.7021480000001,37135
2012-06-01,1038.0,1050.0,994.0,1010.0,883.451599,93720
2012-06-04,953.0,980.0,953.0,955.0,835.342834,132675
2012-06-05,994.0,1030.0,938.0,938.0,820.472839,133580
2012-06-07,938.0,996.0,938.0,987.0,863.333374,76520
2012-06-08,985.0,1048.0,970.0,980.0,857.210449,285170
2012-06-11,981.0,990.0,970.0,974.0,851.962158,58900
2012-06-12,992.0,992.0,947.0,973.0,851.087524,54005
2012-06-13,973.0,996.0,963.0,986.0,862.458618,40250
2012-06-14,980.0,994.0,973.0,975.0,852.8368529999999,31100
2012-06-15,972.0,986.0,929.0,934.0,816.973999,118960
2012-06-18,956.0,960.0,938.0,958.0,837.96698,63195
2012-06-19,1006.0,1006.0,924.0,924.0,808.22699,97730
2012-06-20,950.0,964.0,931.0,934.0,816.973999,64600
2012-06-21,940.0,956.0,916.0,930.0,813.47522,178410
2012-06-22,916.0,933.0,900.0,913.0,798.605225,115240
2012-06-25,920.0,991.0,907.0,922.0,806.4776,283715
2012-06-26,922.0,958.0,911.0,937.0,819.598145,108875
2012-06-27,939.0,973.0,936.0,940.0,822.222229,88375
2012-06-28,957.0,957.0,936.0,951.0,831.8439940000001,105265
2012-06-29,951.0,958.0,920.0,952.0,832.7186889999999,66385
2012-07-02,959.0,960.0,936.0,937.0,819.598145,48585
2012-07-03,924.0,951.0,924.0,934.0,816.973999,48590
2012-07-04,935.0,1024.0,935.0,952.0,832.7186889999999,284660
2012-07-05,967.0,967.0,940.0,940.0,822.222229,76425
2012-07-06,948.0,966.0,942.0,964.0,843.215149,131350
2012-07-09,1042.0,1108.0,1042.0,1108.0,969.1725460000001,531580
2012-07-10,1268.0,1274.0,1240.0,1274.0,1114.373535,1396510
2012-07-11,1400.0,1436.0,1230.0,1286.0,1124.870117,8509390
2012-07-12,1338.0,1340.0,1198.0,1224.0,1070.638306,6470495
2012-07-13,1246.0,1300.0,1152.0,1220.0,1067.139526,6382975
2012-07-16,1220.0,1260.0,1184.0,1216.0,1063.6407470000001,2070960
2012-07-17,1222.0,1318.0,1180.0,1180.0,1032.151367,5496255
2012-07-18,1206.0,1266.0,1164.0,1200.0,1049.645386,2910395
2012-07-19,1228.0,1296.0,1176.0,1262.0,1103.877197,3814605
2012-07-20,1260.0,1290.0,1234.0,1288.0,1126.619385,1912985
2012-07-23,1270.0,1270.0,1140.0,1140.0,997.163208,1273005
2012-07-24,1126.0,1154.0,1100.0,1102.0,963.9244380000001,1372350
2012-07-25,1060.0,1078.0,1030.0,1050.0,918.439758,1160540
2012-07-26,1064.0,1094.0,1020.0,1038.0,907.943237,549050
2012-07-27,1062.0,1086.0,1044.0,1060.0,927.1867679999999,448575
2012-07-30,1070.0,1092.0,1064.0,1092.0,955.177368,346825
2012-07-31,1100.0,1152.0,1078.0,1128.0,986.6666869999999,1302230
2012-08-01,1110.0,1130.0,1092.0,1130.0,988.416077,528090
2012-08-02,1178.0,1178.0,1106.0,1106.0,967.4231570000001,1441500
2012-08-03,1100.0,1100.0,1070.0,1074.0,939.4326169999999,365920
2012-08-06,1076.0,1118.0,1066.0,1070.0,935.933838,345520
2012-08-07,1070.0,1120.0,1062.0,1072.0,937.683228,353435
2012-08-08,1080.0,1136.0,1068.0,1120.0,979.669067,1206200
2012-08-09,1120.0,1152.0,1110.0,1114.0,974.4208980000001,553185
2012-08-10,1114.0,1150.0,1094.0,1108.0,969.1725460000001,455715
2012-08-13,1110.0,1154.0,1106.0,1114.0,974.4208980000001,488265
2012-08-14,1126.0,1216.0,1112.0,1170.0,1023.404297,1433755
2012-08-16,1170.0,1206.0,1148.0,1180.0,1032.151367,635155
2012-08-17,1182.0,1206.0,1144.0,1152.0,1007.659607,639595
2012-08-20,1152.0,1164.0,1134.0,1152.0,1007.659607,355380
2012-08-21,1144.0,1216.0,1136.0,1152.0,1007.659607,859825
2012-08-22,1144.0,1166.0,1118.0,1122.0,981.4185789999999,484705
2012-08-23,1122.0,1190.0,1122.0,1166.0,1019.9053960000001,1293600
2012-08-24,1160.0,1186.0,1146.0,1186.0,1037.399536,582260
2012-08-27,1174.0,1196.0,1164.0,1164.0,1018.156128,589225
2012-08-28,1148.0,1168.0,1002.0,1100.0,962.1749880000001,871735
2012-08-29,1108.0,1124.0,1078.0,1120.0,979.669067,566140
2012-08-30,1120.0,1138.0,1090.0,1132.0,990.165466,694705
2012-08-31,1132.0,1152.0,1114.0,1136.0,993.664368,585930
2012-09-03,1156.0,1168.0,1112.0,1128.0,986.6666869999999,404865
2012-09-04,1132.0,1148.0,1074.0,1074.0,939.4326169999999,445435
2012-09-05,1072.0,1102.0,1056.0,1074.0,939.4326169999999,175695
2012-09-06,1086.0,1094.0,1058.0,1070.0,935.933838,200635
2012-09-07,1064.0,1102.0,1060.0,1096.0,958.676147,322335
2012-09-10,1098.0,1124.0,1090.0,1098.0,960.425476,259905
2012-09-11,1106.0,1116.0,1096.0,1096.0,958.676147,191505
2012-09-12,1140.0,1170.0,1104.0,1116.0,976.170288,523715
2012-09-13,1114.0,1114.0,1064.0,1078.0,942.931519,637910
2012-09-14,1084.0,1094.0,1064.0,1064.0,930.685608,572915
2012-09-17,1076.0,1114.0,1060.0,1096.0,958.676147,410915
2012-09-18,1092.0,1106.0,1074.0,1084.0,948.179688,309055
2012-09-19,1092.0,1246.0,1092.0,1246.0,1089.881836,2072760
2012-09-20,1340.0,1340.0,1184.0,1186.0,1037.399536,7588365
2012-09-21,1198.0,1266.0,1136.0,1230.0,1075.8865970000002,4830565
2012-09-24,1270.0,1378.0,1236.0,1276.0,1116.122925,8294790
2012-09-25,1248.0,1260.0,1116.0,1160.0,1014.6572880000001,1907605
2012-09-26,1154.0,1226.0,1130.0,1144.0,1000.661865,1690815
2012-09-27,1140.0,1168.0,1108.0,1116.0,976.170288,738130
2012-09-28,1126.0,1142.0,1094.0,1094.0,956.9267580000001,505270
2012-10-02,1094.0,1124.0,1092.0,1116.0,976.170288,342020
2012-10-04,1116.0,1168.0,1098.0,1132.0,990.165466,541590
2012-10-05,1140.0,1228.0,1138.0,1174.0,1026.903076,999535
2012-10-08,1196.0,1206.0,1176.0,1182.0,1033.9008789999998,427210
2012-10-09,1184.0,1294.0,1182.0,1206.0,1054.893677,1362495
2012-10-10,1230.0,1240.0,1170.0,1190.0,1040.8983150000001,450470
2012-10-11,1174.0,1230.0,1174.0,1182.0,1033.9008789999998,501205
2012-10-12,1188.0,1338.0,1188.0,1272.0,1112.624146,3499805
2012-10-15,1330.0,1352.0,1140.0,1204.0,1053.1442869999998,1666215
2012-10-16,1196.0,1220.0,1162.0,1174.0,1026.903076,424200
2012-10-17,1180.0,1232.0,1180.0,1206.0,1054.893677,342925
2012-10-18,1276.0,1280.0,1148.0,1160.0,1014.6572880000001,1136160
2012-10-19,1166.0,1166.0,1072.0,1126.0,984.9172970000001,666755
2012-10-22,1104.0,1108.0,1086.0,1106.0,967.4231570000001,355175
2012-10-23,1106.0,1134.0,1100.0,1120.0,979.669067,161585
2012-10-24,1114.0,1126.0,1092.0,1114.0,974.4208980000001,125800
2012-10-25,1130.0,1130.0,1092.0,1092.0,955.177368,113930
2012-10-26,1116.0,1116.0,1010.0,1010.0,883.451599,528260
2012-10-29,1004.0,1022.0,986.0,991.0,866.832153,329660
2012-10-30,983.0,1030.0,983.0,1008.0,881.7021480000001,96710
2012-10-31,1020.0,1040.0,996.0,1020.0,892.198608,140360
2012-11-01,1020.0,1020.0,999.0,999.0,873.829834,151630
2012-11-02,1002.0,1022.0,999.0,1008.0,881.7021480000001,167280
2012-11-05,1010.0,1018.0,990.0,1012.0,885.200989,141465
2012-11-06,1000.0,1016.0,988.0,988.0,864.2080689999999,137935
2012-11-07,991.0,1006.0,963.0,975.0,852.8368529999999,209885
2012-11-08,957.0,974.0,957.0,967.0,845.839294,63895
2012-11-09,952.0,965.0,935.0,950.0,830.969299,193975
2012-11-12,942.0,999.0,942.0,970.0,848.46344,117900
2012-11-13,974.0,989.0,954.0,955.0,835.342834,102280
2012-11-14,945.0,974.0,920.0,920.0,804.72821,173180
2012-11-15,891.0,917.0,877.0,877.0,767.115845,224510
2012-11-16,874.0,908.0,855.0,869.0,760.118225,96565
2012-11-19,857.0,917.0,857.0,903.0,789.858154,114145
2012-11-20,904.0,924.0,895.0,904.0,790.732849,159065
2012-11-21,938.0,938.0,882.0,894.0,781.98584,116820
2012-11-22,887.0,929.0,885.0,893.0,781.111084,110960
2012-11-23,894.0,919.0,886.0,886.0,774.9882200000001,95185
2012-11-26,889.0,937.0,886.0,918.0,802.97876,188695
2012-11-27,912.0,924.0,884.0,888.0,776.73761,120050
2012-11-28,886.0,933.0,886.0,908.0,794.23175,305065
2012-11-29,912.0,922.0,896.0,904.0,790.732849,90400
2012-11-30,904.0,917.0,888.0,903.0,789.858154,75240
2012-12-03,901.0,914.0,879.0,897.0,784.6099849999999,119950
2012-12-04,897.0,901.0,870.0,893.0,781.111084,122795
2012-12-05,919.0,919.0,883.0,908.0,794.23175,144680
2012-12-06,894.0,915.0,894.0,897.0,784.6099849999999,149350
2012-12-07,897.0,914.0,886.0,902.0,788.983459,132970
2012-12-10,914.0,914.0,880.0,883.0,772.364075,102330
2012-12-11,870.0,894.0,803.0,804.0,703.2624509999999,319675
2012-12-12,820.0,859.0,780.0,805.0,704.137146,93215
2012-12-13,806.0,835.0,806.0,810.0,708.510681,83620
2012-12-14,819.0,826.0,814.0,820.0,717.25769,42830
2012-12-17,811.0,840.0,810.0,822.0,719.007141,64590
2012-12-18,822.0,853.0,822.0,825.0,721.631226,94660
2012-12-20,825.0,856.0,815.0,815.0,712.884216,168990
2012-12-21,811.0,830.0,794.0,804.0,703.2624509999999,157070
2012-12-24,790.0,812.0,790.0,801.0,700.638306,109290
2012-12-26,801.0,816.0,782.0,806.0,705.011841,398390
2012-12-27,816.0,827.0,797.0,814.0,739.535645,94520
2012-12-28,814.0,830.0,808.0,825.0,749.529358,88570
2013-01-02,825.0,876.0,813.0,836.0,759.523071,99010
2013-01-03,831.0,858.0,825.0,830.0,754.07196,71395
2013-01-04,842.0,850.0,832.0,837.0,760.4315799999999,44735
2013-01-07,850.0,928.0,843.0,877.0,796.7724,313000
2013-01-08,892.0,892.0,862.0,871.0,791.321289,161970
2013-01-09,876.0,893.0,856.0,867.0,787.687195,201250
2013-01-10,867.0,882.0,860.0,860.0,781.327576,85255
2013-01-11,860.0,878.0,844.0,844.0,766.79126,78425
2013-01-14,850.0,852.0,829.0,829.0,753.163452,83995
2013-01-15,823.0,845.0,810.0,826.0,750.437866,154950
2013-01-16,824.0,845.0,814.0,814.0,739.535645,107765
2013-01-17,810.0,826.0,795.0,798.0,724.9992679999999,244760
2013-01-18,810.0,818.0,754.0,798.0,724.9992679999999,166410
2013-01-21,804.0,840.0,796.0,810.0,735.90155,262485
2013-01-22,817.0,833.0,809.0,825.0,749.529358,236795
2013-01-23,837.0,843.0,824.0,831.0,754.9804690000001,192675
2013-01-24,846.0,846.0,815.0,820.0,744.986755,82825
2013-01-25,860.0,860.0,792.0,813.0,738.6271360000001,176010
2013-01-28,822.0,822.0,806.0,808.0,734.084534,65995
2013-01-29,808.0,823.0,800.0,805.0,731.358948,54200
2013-01-30,811.0,860.0,811.0,816.0,741.352661,403470
2013-01-31,831.0,835.0,806.0,814.0,739.535645,126445
2013-02-01,806.0,818.0,806.0,812.0,737.7186280000001,102515
2013-02-04,812.0,828.0,803.0,811.0,736.810059,115330
2013-02-05,803.0,820.0,803.0,805.0,731.358948,48910
2013-02-06,809.0,826.0,809.0,814.0,739.535645,28900
2013-02-07,814.0,834.0,808.0,830.0,754.07196,65650
2013-02-08,838.0,838.0,807.0,834.0,757.705994,45085
2013-02-12,834.0,853.0,818.0,833.0,756.7974849999999,56140
2013-02-13,826.0,840.0,820.0,830.0,754.07196,66920
2013-02-14,840.0,840.0,825.0,840.0,763.157166,44335
2013-02-15,849.0,876.0,840.0,860.0,781.327576,289205
2013-02-18,860.0,862.0,842.0,842.0,764.974182,119470
2013-02-19,835.0,850.0,832.0,840.0,763.157166,72740
2013-02-20,840.0,860.0,840.0,852.0,774.059387,66640
2013-02-21,852.0,890.0,852.0,853.0,774.967896,258320
2013-02-22,859.0,906.0,856.0,903.0,820.393921,509630
2013-02-25,920.0,949.0,891.0,937.0,851.2836300000001,777065
2013-02-26,928.0,962.0,920.0,920.0,835.838745,378735
2013-02-27,897.0,937.0,897.0,910.0,826.753601,220135
2013-02-28,920.0,920.0,884.0,885.0,804.040527,351170
2013-03-04,885.0,910.0,880.0,882.0,801.3150019999999,136880
2013-03-05,890.0,1014.0,890.0,1014.0,921.2397460000001,679665
2013-03-06,1166.0,1166.0,1166.0,1166.0,1059.334717,80480
2013-03-07,1340.0,1340.0,1240.0,1272.0,1155.637939,16029265
2013-03-08,1230.0,1328.0,1212.0,1300.0,1181.076538,10726660
2013-03-11,1310.0,1388.0,1262.0,1366.0,1241.038818,9523945
2013-03-12,1340.0,1340.0,1254.0,1304.0,1184.710571,4826570
2013-03-13,1300.0,1360.0,1280.0,1320.0,1199.246948,4441330
2013-03-14,1356.0,1358.0,1234.0,1306.0,1186.52771,4026270
2013-03-15,1240.0,1270.0,1112.0,1130.0,1026.628052,7185690
2013-03-18,1140.0,1156.0,1104.0,1116.0,1013.9088130000001,2050230
2013-03-19,1136.0,1152.0,1122.0,1144.0,1039.3474119999998,2289530
2013-03-20,1146.0,1160.0,1100.0,1100.0,999.3724369999999,2328040
2013-03-21,1084.0,1090.0,1044.0,1070.0,972.1168210000001,2784755
2013-03-22,1064.0,1104.0,1064.0,1068.0,970.2998050000001,2591750
2013-03-25,1082.0,1114.0,1074.0,1078.0,979.38501,1571100
2013-03-26,1078.0,1126.0,1062.0,1116.0,1013.9088130000001,1468130
2013-03-27,1102.0,1124.0,1066.0,1070.0,972.1168210000001,1248395
2013-03-28,1072.0,1086.0,1044.0,1060.0,963.031677,848800
2013-03-29,1062.0,1072.0,1050.0,1070.0,972.1168210000001,638685
2013-04-01,1070.0,1126.0,1062.0,1104.0,1003.006531,1853615
2013-04-02,1108.0,1108.0,1004.0,1020.0,926.6907960000001,1609325
2013-04-03,1020.0,1032.0,1004.0,1018.0,924.8737789999999,707170
2013-04-04,1014.0,1024.0,960.0,996.0,904.886353,1216555
2013-04-05,996.0,1012.0,982.0,994.0,903.0693359999999,612145
2013-04-08,1008.0,1008.0,948.0,954.0,866.728455,356250
2013-04-09,948.0,976.0,945.0,963.0,874.9052119999999,359725
2013-04-10,973.0,988.0,965.0,980.0,890.3500369999999,218215
2013-04-11,987.0,1010.0,976.0,986.0,895.8010859999999,493650
2013-04-12,988.0,1038.0,982.0,982.0,892.1670529999999,929955
2013-04-15,990.0,1056.0,987.0,1012.0,919.4226679999999,788860
2013-04-16,1008.0,1076.0,994.0,1070.0,972.1168210000001,1476545
2013-04-17,1072.0,1078.0,1040.0,1068.0,970.2998050000001,915225
2013-04-18,1060.0,1060.0,997.0,1008.0,915.788574,929090
2013-04-19,1000.0,1008.0,938.0,938.0,852.1921390000001,1164650
2013-04-22,923.0,990.0,923.0,963.0,874.9052119999999,721210
2013-04-23,966.0,986.0,964.0,964.0,875.8137210000001,295505
2013-04-24,968.0,974.0,956.0,971.0,882.17334,370060
2013-04-25,974.0,998.0,973.0,983.0,893.0755619999999,321810
2013-04-26,983.0,1084.0,983.0,1028.0,933.958984,1653620
2013-04-29,1024.0,1048.0,1014.0,1034.0,939.410095,643050
2013-04-30,1050.0,1090.0,1030.0,1034.0,939.410095,1587595
2013-05-02,1034.0,1052.0,1010.0,1024.0,930.32489,327480
2013-05-03,1038.0,1062.0,1016.0,1032.0,937.5930789999999,695075
2013-05-06,1048.0,1054.0,1028.0,1028.0,933.958984,433990
2013-05-07,1030.0,1066.0,1010.0,1056.0,959.397583,723610
2013-05-08,1062.0,1074.0,1044.0,1052.0,955.763489,580540
2013-05-09,1054.0,1072.0,1044.0,1072.0,973.933899,451505
2013-05-10,1064.0,1076.0,1044.0,1046.0,950.312378,497060
2013-05-13,1052.0,1052.0,1024.0,1024.0,930.32489,308105
2013-05-14,1032.0,1044.0,1022.0,1030.0,935.7760619999999,396725
2013-05-15,1028.0,1054.0,1026.0,1032.0,937.5930789999999,266670
2013-05-16,1038.0,1044.0,992.0,998.0,906.70343,526080
2013-05-20,998.0,1014.0,988.0,996.0,904.886353,214655
2013-05-21,998.0,1018.0,980.0,987.0,896.709656,302145
2013-05-22,981.0,1018.0,957.0,1016.0,923.056702,290695
2013-05-23,1008.0,1036.0,1004.0,1006.0,913.971558,246785
2013-05-24,1028.0,1028.0,1000.0,1012.0,919.4226679999999,172565
2013-05-27,1018.0,1048.0,1006.0,1030.0,935.7760619999999,270020
2013-05-28,1030.0,1048.0,1024.0,1038.0,943.0441890000001,166855
2013-05-29,1044.0,1052.0,1018.0,1028.0,933.958984,246870
2013-05-30,1030.0,1052.0,1010.0,1044.0,948.4953,548720
2013-05-31,1048.0,1068.0,906.0,1020.0,926.6907960000001,631405
2013-06-03,1026.0,1130.0,997.0,1090.0,990.287292,3123440
2013-06-04,1088.0,1124.0,1066.0,1092.0,992.1042480000001,1350015
2013-06-05,1108.0,1168.0,942.0,960.0,872.179626,4405240
2013-06-07,960.0,960.0,888.0,903.0,820.393921,1047925
2013-06-10,903.0,940.0,892.0,892.0,810.400208,450445
2013-06-11,890.0,914.0,855.0,861.0,782.236084,471440
2013-06-12,886.0,898.0,852.0,870.0,790.412781,309085
2013-06-13,870.0,899.0,846.0,856.0,777.6934809999999,392685
2013-06-14,870.0,880.0,852.0,858.0,779.5104980000001,132135
2013-06-17,862.0,894.0,810.0,830.0,754.07196,474305
2013-06-18,832.0,853.0,818.0,850.0,772.24231,248880
2013-06-19,842.0,916.0,842.0,873.0,793.138306,352755
2013-06-20,851.0,873.0,772.0,840.0,763.157166,396375
2013-06-21,828.0,864.0,804.0,864.0,784.96167,399350
2013-06-24,883.0,993.0,871.0,993.0,902.160767,798710
2013-06-25,1050.0,1058.0,940.0,1022.0,928.507874,5589425
2013-06-26,1056.0,1056.0,984.0,1002.0,910.3374630000001,1822725
2013-06-27,1012.0,1058.0,1012.0,1020.0,926.6907960000001,2530010
2013-06-28,1030.0,1064.0,994.0,1002.0,910.3374630000001,1278100
2013-07-01,1000.0,1008.0,956.0,956.0,868.545532,851505
2013-07-02,956.0,964.0,901.0,920.0,835.838745,893345
2013-07-03,921.0,949.0,921.0,938.0,852.1921390000001,462410
2013-07-04,954.0,954.0,921.0,946.0,859.460327,224155
2013-07-05,976.0,976.0,929.0,953.0,865.8199460000001,525835
2013-07-08,1024.0,1024.0,947.0,959.0,871.271118,1048645
2013-07-09,960.0,982.0,943.0,982.0,892.1670529999999,424060
2013-07-10,980.0,985.0,946.0,963.0,874.9052119999999,371140
2013-07-11,970.0,994.0,962.0,985.0,894.892578,500450
2013-07-12,983.0,985.0,966.0,978.0,888.532959,292290
2013-07-15,980.0,994.0,952.0,994.0,903.0693359999999,379415
2013-07-16,1038.0,1050.0,994.0,1008.0,915.788574,563025
2013-07-17,1008.0,1018.0,980.0,1012.0,919.4226679999999,324465
2013-07-18,1014.0,1162.0,1014.0,1080.0,981.2020869999999,5523415
2013-07-19,1070.0,1112.0,1064.0,1108.0,1006.640625,1227400
2013-07-22,1092.0,1110.0,1074.0,1096.0,995.738342,608410
2013-07-23,1090.0,1124.0,1074.0,1124.0,1021.1770019999999,752765
2013-07-24,1124.0,1130.0,1090.0,1090.0,990.287292,609800
2013-07-25,1090.0,1092.0,1050.0,1050.0,953.9464109999999,632525
2013-07-26,1046.0,1068.0,1038.0,1038.0,943.0441890000001,386410
2013-07-29,1046.0,1076.0,1038.0,1038.0,943.0441890000001,300450
2013-07-30,1056.0,1140.0,1046.0,1090.0,990.287292,1278680
2013-07-31,1082.0,1108.0,1080.0,1096.0,995.738342,319520
2013-08-01,1096.0,1138.0,1056.0,1060.0,963.031677,609425
2013-08-02,1078.0,1082.0,1052.0,1070.0,972.1168210000001,328845
2013-08-05,1090.0,1130.0,1070.0,1080.0,981.2020869999999,441970
2013-08-06,1110.0,1110.0,1060.0,1084.0,984.836182,166565
2013-08-07,1110.0,1110.0,1064.0,1070.0,972.1168210000001,226555
2013-08-08,1064.0,1088.0,1006.0,1026.0,932.141968,571015
2013-08-09,1026.0,1050.0,1012.0,1032.0,937.5930789999999,171855
2013-08-12,1070.0,1080.0,998.0,1000.0,908.5203859999999,428020
2013-08-13,998.0,1008.0,946.0,973.0,883.990356,395345
2013-08-14,963.0,987.0,961.0,970.0,881.2647710000001,136395
2013-08-16,970.0,973.0,942.0,963.0,874.9052119999999,213405
2013-08-19,963.0,1004.0,963.0,968.0,879.4477539999999,149235
2013-08-20,968.0,1004.0,960.0,960.0,872.179626,291445
2013-08-21,962.0,980.0,918.0,924.0,839.472839,317950
2013-08-22,902.0,919.0,880.0,882.0,801.3150019999999,216825
2013-08-23,882.0,918.0,882.0,912.0,828.570618,97500
2013-08-26,926.0,940.0,913.0,930.0,844.924011,71350
2013-08-27,928.0,944.0,912.0,920.0,835.838745,44705
2013-08-28,883.0,899.0,848.0,889.0,807.674622,268875
2013-08-29,900.0,910.0,886.0,896.0,814.0343019999999,75655
2013-08-30,896.0,908.0,891.0,898.0,815.851379,40970
2013-09-02,882.0,914.0,882.0,914.0,830.387695,58535
2013-09-03,936.0,946.0,914.0,926.0,841.289917,115400
2013-09-04,926.0,937.0,913.0,925.0,840.381409,44195
2013-09-05,925.0,946.0,903.0,915.0,831.2961429999999,87340
2013-09-06,913.0,941.0,904.0,906.0,823.119507,56310
2013-09-09,918.0,918.0,886.0,900.0,817.668335,42150
2013-09-10,910.0,934.0,892.0,903.0,820.393921,48295
2013-09-11,903.0,930.0,896.0,903.0,820.393921,50960
2013-09-12,906.0,918.0,896.0,904.0,821.302429,102435
2013-09-13,900.0,922.0,870.0,890.0,808.583191,115635
2013-09-16,896.0,899.0,880.0,881.0,800.4064940000001,100790
2013-09-17,868.0,898.0,868.0,874.0,794.046875,389660
2013-09-23,874.0,908.0,868.0,890.0,808.583191,72410
2013-09-24,900.0,900.0,862.0,874.0,794.046875,130250
2013-09-25,869.0,877.0,850.0,850.0,772.24231,259945
2013-09-26,860.0,882.0,852.0,869.0,789.504211,92990
2013-09-27,869.0,890.0,860.0,875.0,794.955383,127565
2013-09-30,884.0,884.0,860.0,875.0,794.955383,36075
2013-10-01,876.0,887.0,848.0,850.0,772.24231,108545
2013-10-02,851.0,870.0,851.0,866.0,786.778687,79310
2013-10-04,866.0,866.0,826.0,826.0,750.437866,244375
2013-10-07,830.0,842.0,814.0,815.0,740.444092,136155
2013-10-08,810.0,822.0,799.0,801.0,727.724854,204150
2013-10-10,801.0,816.0,800.0,806.0,732.2674559999999,132920
2013-10-11,808.0,833.0,799.0,802.0,728.633362,209850
2013-10-14,800.0,830.0,781.0,814.0,739.535645,351890
2013-10-15,820.0,844.0,815.0,841.0,764.0656740000001,130375
2013-10-16,846.0,846.0,818.0,820.0,744.986755,109440
2013-10-17,840.0,858.0,814.0,820.0,744.986755,183580
2013-10-18,926.0,943.0,818.0,818.0,743.169678,2362715
2013-10-21,826.0,850.0,820.0,837.0,760.4315799999999,294630
2013-10-22,837.0,854.0,829.0,846.0,768.6082759999999,122035
2013-10-23,846.0,849.0,821.0,821.0,745.895264,138865
2013-10-24,834.0,868.0,831.0,850.0,772.24231,157175
2013-10-25,868.0,976.0,856.0,935.0,849.466553,3243470
2013-10-28,932.0,932.0,901.0,927.0,842.198425,442705
2013-10-29,937.0,937.0,890.0,890.0,808.583191,309955
2013-10-30,893.0,915.0,880.0,888.0,806.766113,155555
2013-10-31,904.0,905.0,869.0,905.0,822.210999,133165
2013-11-01,905.0,918.0,886.0,900.0,817.668335,111555
2013-11-04,900.0,904.0,874.0,875.0,794.955383,105095
2013-11-05,875.0,900.0,875.0,886.0,804.9490969999999,103625
2013-11-06,897.0,940.0,882.0,911.0,827.662109,683430
2013-11-07,920.0,929.0,891.0,914.0,830.387695,207845
2013-11-08,918.0,920.0,886.0,917.0,833.1132200000001,115240
2013-11-11,925.0,925.0,878.0,888.0,806.766113,213025
2013-11-12,898.0,900.0,884.0,888.0,806.766113,153100
2013-11-13,889.0,896.0,871.0,884.0,803.132019,50265
2013-11-14,880.0,889.0,860.0,879.0,798.589478,52790
2013-11-15,879.0,886.0,870.0,878.0,797.680969,37955
2013-11-18,878.0,890.0,870.0,881.0,800.4064940000001,46950
2013-11-19,878.0,902.0,842.0,860.0,781.327576,104605
2013-11-20,860.0,873.0,840.0,842.0,764.974182,180185
2013-11-21,842.0,880.0,831.0,832.0,755.888977,168440
2013-11-22,846.0,853.0,835.0,836.0,759.523071,28100
2013-11-25,854.0,878.0,845.0,855.0,776.784973,99875
2013-11-26,852.0,876.0,852.0,864.0,784.96167,13560
2013-11-27,879.0,879.0,857.0,865.0,785.8701169999999,30435
2013-11-28,865.0,881.0,860.0,877.0,796.7724,78220
2013-11-29,880.0,916.0,872.0,890.0,808.583191,209820
2013-12-02,908.0,908.0,872.0,880.0,799.4979860000001,55410
2013-12-03,876.0,882.0,831.0,866.0,786.778687,73395
2013-12-04,857.0,868.0,846.0,852.0,774.059387,73455
2013-12-05,852.0,876.0,840.0,860.0,781.327576,39850
2013-12-06,860.0,874.0,851.0,863.0,784.053162,13615
2013-12-09,864.0,866.0,843.0,860.0,781.327576,47580
2013-12-10,856.0,867.0,841.0,841.0,764.0656740000001,34760
2013-12-11,832.0,844.0,826.0,837.0,760.4315799999999,91695
2013-12-12,837.0,860.0,830.0,848.0,770.425293,31310
2013-12-13,837.0,858.0,829.0,850.0,772.24231,90845
2013-12-16,838.0,853.0,835.0,844.0,766.79126,53290
2013-12-17,850.0,855.0,836.0,845.0,767.699768,42120
2013-12-18,839.0,858.0,830.0,848.0,770.425293,111530
2013-12-19,842.0,860.0,824.0,848.0,770.425293,39260
2013-12-20,835.0,857.0,833.0,850.0,772.24231,48675
2013-12-23,846.0,862.0,840.0,841.0,764.0656740000001,39750
2013-12-24,841.0,845.0,833.0,841.0,764.0656740000001,68425
2013-12-26,841.0,846.0,831.0,833.0,756.7974849999999,76175
2013-12-27,832.0,842.0,832.0,839.0,790.726135,42285
2013-12-30,844.0,864.0,836.0,853.0,803.9205929999999,42250
2014-01-02,853.0,870.0,848.0,858.0,808.632935,41525
2014-01-03,858.0,862.0,843.0,850.0,801.093201,24590
2014-01-06,850.0,874.0,846.0,856.0,806.7479860000001,211905
2014-01-07,857.0,888.0,851.0,881.0,830.30957,151880
2014-01-08,880.0,882.0,853.0,869.0,819.0,218220
2014-01-09,874.0,874.0,848.0,848.0,799.208313,112300
2014-01-10,858.0,878.0,830.0,830.0,782.243958,250950
2014-01-13,830.0,868.0,830.0,854.0,804.863098,132490
2014-01-14,863.0,917.0,844.0,866.0,816.1726070000001,93465
2014-01-15,870.0,888.0,860.0,860.0,810.517883,80875
2014-01-16,862.0,869.0,853.0,860.0,810.517883,288495
2014-01-17,870.0,872.0,857.0,864.0,814.28772,97475
2014-01-20,864.0,867.0,856.0,866.0,816.1726070000001,67305
2014-01-21,865.0,867.0,856.0,860.0,810.517883,148330
2014-01-22,884.0,884.0,860.0,865.0,815.230164,60575
2014-01-23,865.0,872.0,857.0,858.0,808.632935,166080
2014-01-24,858.0,880.0,850.0,879.0,828.424622,192410
2014-01-27,870.0,881.0,858.0,878.0,827.482178,150090
2014-01-28,879.0,908.0,871.0,893.0,841.619141,242645
2014-01-29,894.0,906.0,882.0,894.0,842.561584,135860
2014-02-03,894.0,897.0,878.0,882.0,831.2520139999999,77010
2014-02-04,870.0,889.0,843.0,845.0,796.3809200000001,117840
2014-02-05,846.0,868.0,842.0,844.0,795.4384769999999,63850
2014-02-06,862.0,862.0,827.0,842.0,793.553528,105975
2014-02-07,836.0,845.0,817.0,817.0,769.991943,166310
2014-02-10,824.0,834.0,810.0,830.0,782.243958,45925
2014-02-11,825.0,835.0,825.0,828.0,780.35907,79185
2014-02-12,836.0,858.0,828.0,840.0,791.668579,115725
2014-02-13,850.0,855.0,838.0,846.0,797.323364,49675
2014-02-14,843.0,862.0,838.0,838.0,789.783691,63430
2014-02-17,838.0,850.0,836.0,837.0,788.841187,59715
2014-02-18,846.0,848.0,831.0,831.0,783.186462,42685
2014-02-19,838.0,844.0,831.0,844.0,795.4384769999999,63205
2014-02-20,846.0,846.0,832.0,839.0,790.726135,17930
2014-02-21,833.0,840.0,830.0,830.0,782.243958,38145
2014-02-24,831.0,840.0,816.0,816.0,769.0495,108815
2014-02-25,816.0,827.0,810.0,814.0,767.164551,82405
2014-02-26,814.0,818.0,776.0,780.0,735.12085,613420
2014-02-27,782.0,793.0,776.0,780.0,735.12085,162610
2014-02-28,791.0,791.0,770.0,771.0,726.6386719999999,310660
2014-03-03,762.0,773.0,756.0,772.0,727.5811160000001,192730
2014-03-04,772.0,790.0,772.0,790.0,744.545471,113785
2014-03-05,790.0,802.0,790.0,796.0,750.200256,72190
2014-03-06,796.0,805.0,788.0,796.0,750.200256,64450
2014-03-07,796.0,829.0,793.0,811.0,764.337158,160170
2014-03-10,808.0,808.0,790.0,791.0,745.487915,147670
2014-03-11,801.0,821.0,792.0,816.0,769.0495,124585
2014-03-12,816.0,816.0,791.0,791.0,745.487915,104770
2014-03-13,796.0,805.0,784.0,800.0,753.970093,109615
2014-03-14,797.0,810.0,781.0,797.0,751.1427,116135
2014-03-17,791.0,860.0,791.0,840.0,791.668579,819270
2014-03-18,860.0,884.0,839.0,847.0,798.2658690000001,502715
2014-03-19,857.0,871.0,824.0,854.0,804.863098,310495
2014-03-20,887.0,887.0,846.0,853.0,803.9205929999999,166690
2014-03-21,874.0,874.0,843.0,858.0,808.632935,223055
2014-03-24,856.0,868.0,836.0,851.0,802.035706,210440
2014-03-25,859.0,859.0,828.0,835.0,786.9562990000001,142975
2014-03-26,835.0,857.0,824.0,843.0,794.4959719999999,151450
2014-03-27,842.0,850.0,832.0,837.0,788.841187,68325
2014-03-28,847.0,847.0,796.0,812.0,765.279663,403980
2014-03-31,819.0,820.0,802.0,802.0,755.855042,122685
2014-04-01,814.0,818.0,802.0,818.0,770.9344480000001,39670
2014-04-02,829.0,830.0,810.0,830.0,782.243958,93285
2014-04-03,830.0,846.0,825.0,828.0,780.35907,164430
2014-04-04,834.0,870.0,830.0,857.0,807.6904910000001,288590
2014-04-07,859.0,871.0,846.0,856.0,806.7479860000001,139225
2014-04-08,868.0,868.0,846.0,857.0,807.6904910000001,146610
2014-04-09,860.0,876.0,850.0,858.0,808.632935,67945
2014-04-10,858.0,870.0,842.0,861.0,811.460327,139950
2014-04-11,860.0,862.0,844.0,860.0,810.517883,63870
2014-04-14,862.0,894.0,861.0,870.0,819.942505,116605
2014-04-15,884.0,889.0,862.0,874.0,823.712341,91910
2014-04-16,869.0,880.0,868.0,876.0,825.597229,31185
2014-04-17,886.0,886.0,860.0,874.0,823.712341,83495
2014-04-18,869.0,898.0,868.0,898.0,846.3314210000001,201905
2014-04-21,937.0,1032.0,922.0,945.0,890.627197,7554135
2014-04-22,930.0,949.0,902.0,917.0,864.23822,1259515
2014-04-23,912.0,924.0,897.0,903.0,851.0437619999999,420185
2014-04-24,901.0,910.0,882.0,889.0,837.849243,346630
2014-04-25,916.0,985.0,901.0,907.0,854.8135990000001,2384300
2014-04-28,922.0,924.0,906.0,924.0,870.835449,348920
2014-04-29,934.0,934.0,911.0,914.0,861.4108279999999,144600
2014-04-30,913.0,925.0,908.0,917.0,864.23822,91765
2014-05-02,917.0,924.0,900.0,900.0,848.2163699999999,132885
2014-05-07,900.0,900.0,862.0,866.0,816.1726070000001,126620
2014-05-08,866.0,880.0,848.0,870.0,819.942505,254370
2014-05-09,886.0,898.0,867.0,888.0,836.906799,63470
2014-05-12,897.0,904.0,876.0,876.0,825.597229,90595
2014-05-13,864.0,900.0,864.0,885.0,834.0794070000001,69930
2014-05-14,897.0,920.0,886.0,920.0,867.0656130000001,252525
2014-05-15,927.0,1058.0,920.0,945.0,890.627197,4752910
2014-05-16,954.0,954.0,924.0,933.0,879.3176269999999,356190
2014-05-19,970.0,970.0,922.0,922.0,868.9505619999999,278315
2014-05-20,943.0,984.0,922.0,938.0,884.0299679999999,588260
2014-05-21,946.0,1010.0,932.0,990.0,933.038025,603970
2014-05-22,1020.0,1020.0,980.0,991.0,933.980469,325630
2014-05-23,986.0,1010.0,975.0,990.0,933.038025,230980
2014-05-26,981.0,994.0,968.0,969.0,913.246277,139370
2014-05-27,974.0,990.0,953.0,953.0,898.1668699999999,144610
2014-05-28,954.0,978.0,943.0,976.0,919.843506,117105
2014-05-29,976.0,994.0,952.0,974.0,917.958618,73925
2014-05-30,987.0,989.0,938.0,952.0,897.224426,172475
2014-06-02,952.0,954.0,885.0,901.0,849.1588130000001,217765
2014-06-03,898.0,909.0,875.0,907.0,854.8135990000001,117860
2014-06-05,907.0,940.0,881.0,881.0,830.30957,127045
2014-06-09,881.0,896.0,862.0,865.0,815.230164,132460
2014-06-10,864.0,886.0,862.0,875.0,824.654785,141230
2014-06-11,919.0,919.0,860.0,860.0,810.517883,86875
2014-06-12,862.0,887.0,862.0,886.0,835.021912,59265
2014-06-13,886.0,886.0,852.0,874.0,823.712341,105420
2014-06-16,879.0,879.0,846.0,849.0,800.150757,74440
2014-06-17,850.0,890.0,850.0,885.0,834.0794070000001,167080
2014-06-18,877.0,896.0,862.0,862.0,812.402771,78775
2014-06-19,870.0,909.0,862.0,893.0,841.619141,139930
2014-06-20,898.0,917.0,884.0,910.0,857.640991,64730
2014-06-23,916.0,921.0,884.0,900.0,848.2163699999999,80305
2014-06-24,900.0,918.0,866.0,900.0,848.2163699999999,150000
2014-06-25,894.0,916.0,873.0,889.0,837.849243,119150
2014-06-26,897.0,900.0,881.0,900.0,848.2163699999999,111280
2014-06-27,900.0,928.0,897.0,913.0,860.468384,70735
2014-06-30,913.0,927.0,907.0,920.0,867.0656130000001,93220
2014-07-01,934.0,934.0,910.0,923.0,869.8930050000001,63345
2014-07-02,926.0,938.0,904.0,920.0,867.0656130000001,44000
2014-07-03,924.0,930.0,900.0,912.0,859.52594,123295
2014-07-04,912.0,926.0,881.0,905.0,852.92865,152040
2014-07-07,905.0,917.0,857.0,869.0,819.0,272170
2014-07-08,880.0,883.0,855.0,871.0,820.884949,139790
2014-07-09,862.0,877.0,860.0,877.0,826.539734,63185
2014-07-10,880.0,890.0,860.0,860.0,810.517883,69750
2014-07-11,860.0,864.0,821.0,844.0,795.4384769999999,296730
2014-07-14,854.0,860.0,831.0,853.0,803.9205929999999,66320
2014-07-15,863.0,863.0,830.0,830.0,782.243958,77425
2014-07-16,830.0,841.0,803.0,823.0,775.646729,141140
2014-07-17,823.0,839.0,815.0,827.0,779.416565,38425
2014-07-18,827.0,844.0,815.0,834.0,786.013855,51910
2014-07-21,838.0,846.0,824.0,824.0,776.589172,73925
2014-07-22,839.0,839.0,824.0,836.0,787.898743,32145
2014-07-23,840.0,840.0,830.0,834.0,786.013855,95210
2014-07-24,831.0,844.0,825.0,832.0,784.1289059999999,77655
2014-07-25,836.0,840.0,825.0,838.0,789.783691,60035
2014-07-28,842.0,848.0,820.0,826.0,778.474121,227725
2014-07-29,832.0,832.0,797.0,797.0,751.1427,158865
2014-07-30,813.0,829.0,791.0,812.0,765.279663,86690
2014-07-31,827.0,827.0,791.0,801.0,754.912537,105870
2014-08-01,794.0,822.0,794.0,822.0,774.7042849999999,11155
2014-08-04,834.0,834.0,816.0,827.0,779.416565,48345
2014-08-05,830.0,831.0,810.0,814.0,767.164551,79990
2014-08-06,817.0,827.0,804.0,820.0,772.819336,33440
2014-08-07,815.0,826.0,804.0,806.0,759.6248780000001,46835
2014-08-08,808.0,840.0,800.0,840.0,791.668579,111355
2014-08-11,838.0,840.0,824.0,839.0,790.726135,79965
2014-08-12,846.0,849.0,830.0,839.0,790.726135,76110
2014-08-13,840.0,847.0,830.0,838.0,789.783691,14090
2014-08-14,838.0,850.0,830.0,843.0,794.4959719999999,25410
2014-08-18,843.0,852.0,829.0,842.0,793.553528,52885
2014-08-19,843.0,851.0,810.0,834.0,786.013855,213540
2014-08-20,834.0,839.0,819.0,839.0,790.726135,104475
2014-08-21,846.0,873.0,838.0,873.0,822.769897,374925
2014-08-22,873.0,888.0,853.0,872.0,821.8273929999999,73580
2014-08-25,880.0,880.0,846.0,870.0,819.942505,57145
2014-08-26,870.0,870.0,845.0,865.0,815.230164,37950
2014-08-27,870.0,876.0,834.0,850.0,801.093201,71725
2014-08-28,862.0,866.0,835.0,844.0,795.4384769999999,60730
2014-08-29,841.0,841.0,816.0,823.0,775.646729,76210
2014-09-01,830.0,830.0,800.0,812.0,765.279663,58085
2014-09-02,808.0,819.0,800.0,812.0,765.279663,60540
2014-09-03,812.0,823.0,806.0,814.0,767.164551,23735
2014-09-04,803.0,820.0,803.0,812.0,765.279663,43760
2014-09-05,816.0,827.0,796.0,818.0,770.9344480000001,37200
2014-09-11,818.0,818.0,799.0,805.0,758.682434,116235
2014-09-12,802.0,820.0,798.0,817.0,769.991943,67455
2014-09-15,816.0,821.0,807.0,816.0,769.0495,18365
2014-09-16,816.0,819.0,800.0,808.0,761.509827,50575
2014-09-17,812.0,812.0,800.0,801.0,754.912537,42590
2014-09-18,800.0,808.0,800.0,800.0,753.970093,92960
2014-09-19,806.0,816.0,801.0,812.0,765.279663,54395
2014-09-22,818.0,818.0,801.0,812.0,765.279663,57630
2014-09-23,812.0,830.0,804.0,820.0,772.819336,75380
2014-09-24,820.0,832.0,808.0,822.0,774.7042849999999,46290
2014-09-25,834.0,834.0,808.0,827.0,779.416565,70675
2014-09-26,811.0,836.0,811.0,836.0,787.898743,54470
2014-09-29,836.0,842.0,806.0,807.0,760.567322,73525
2014-09-30,811.0,811.0,795.0,801.0,754.912537,83620
2014-10-01,805.0,805.0,772.0,782.0,737.005798,93130
2014-10-02,782.0,856.0,760.0,799.0,753.027649,257355
2014-10-06,799.0,827.0,791.0,827.0,779.416565,114780
2014-10-07,814.0,839.0,814.0,837.0,788.841187,74795
2014-10-08,837.0,840.0,827.0,828.0,780.35907,65910
2014-10-10,828.0,840.0,809.0,822.0,774.7042849999999,125190
2014-10-13,827.0,827.0,787.0,800.0,753.970093,236495
2014-10-14,800.0,815.0,785.0,807.0,760.567322,167740
2014-10-15,819.0,819.0,780.0,807.0,760.567322,142855
2014-10-16,807.0,810.0,784.0,803.0,756.7974849999999,87315
2014-10-17,805.0,807.0,785.0,799.0,753.027649,111825
2014-10-20,799.0,818.0,799.0,818.0,770.9344480000001,80055
2014-10-21,818.0,820.0,808.0,819.0,771.876892,89595
2014-10-22,821.0,830.0,810.0,827.0,779.416565,58890
2014-10-23,830.0,835.0,820.0,835.0,786.9562990000001,59970
2014-10-24,838.0,838.0,814.0,824.0,776.589172,90110
2014-10-27,816.0,826.0,812.0,824.0,776.589172,63415
2014-10-28,824.0,864.0,809.0,847.0,798.2658690000001,412610
2014-10-29,850.0,858.0,830.0,857.0,807.6904910000001,190690
2014-10-30,857.0,861.0,835.0,856.0,806.7479860000001,143490
2014-10-31,865.0,865.0,840.0,861.0,811.460327,95270
2014-11-03,850.0,860.0,836.0,853.0,803.9205929999999,98215
2014-11-04,843.0,852.0,807.0,835.0,786.9562990000001,79050
2014-11-05,823.0,833.0,805.0,823.0,775.646729,76820
2014-11-06,825.0,838.0,806.0,826.0,778.474121,36375
2014-11-07,826.0,844.0,812.0,832.0,784.1289059999999,48835
2014-11-10,832.0,836.0,802.0,825.0,777.531677,51290
2014-11-11,836.0,836.0,810.0,830.0,782.243958,54650
2014-11-12,830.0,834.0,815.0,818.0,770.9344480000001,15440
2014-11-13,818.0,829.0,800.0,820.0,772.819336,57765
2014-11-14,820.0,820.0,806.0,814.0,767.164551,27815
2014-11-17,814.0,827.0,802.0,820.0,772.819336,52030
2014-11-18,822.0,828.0,816.0,828.0,780.35907,54340
2014-11-19,829.0,834.0,817.0,828.0,780.35907,109815
2014-11-20,838.0,848.0,815.0,828.0,780.35907,117365
2014-11-21,823.0,840.0,804.0,812.0,765.279663,72805
2014-11-24,834.0,834.0,812.0,820.0,772.819336,20625
2014-11-25,820.0,822.0,810.0,820.0,772.819336,36280
2014-11-26,820.0,820.0,806.0,812.0,765.279663,22155
2014-11-27,815.0,827.0,805.0,822.0,774.7042849999999,31555
2014-11-28,822.0,834.0,818.0,826.0,778.474121,28150
2014-12-01,815.0,827.0,810.0,822.0,774.7042849999999,52545
2014-12-02,822.0,824.0,812.0,818.0,770.9344480000001,29995
2014-12-03,830.0,830.0,801.0,818.0,770.9344480000001,44560
2014-12-04,818.0,818.0,796.0,809.0,762.452271,167335
2014-12-05,810.0,813.0,794.0,813.0,766.222107,81670
2014-12-08,813.0,813.0,798.0,811.0,764.337158,70565
2014-12-09,810.0,910.0,795.0,849.0,800.150757,463935
2014-12-10,880.0,949.0,863.0,913.0,860.468384,1128335
2014-12-11,900.0,910.0,884.0,892.0,840.6766359999999,341210
2014-12-12,892.0,908.0,856.0,878.0,827.482178,326570
2014-12-15,904.0,904.0,865.0,879.0,828.424622,210465
2014-12-16,872.0,924.0,871.0,906.0,853.871155,418075
2014-12-17,904.0,910.0,874.0,900.0,848.2163699999999,152205
2014-12-18,900.0,916.0,860.0,890.0,838.7917480000001,232950
2014-12-19,899.0,903.0,885.0,903.0,851.0437619999999,92980
2014-12-22,930.0,1008.0,924.0,960.0,904.764099,1144140
2014-12-23,968.0,968.0,859.0,859.0,809.575378,793665
2014-12-24,858.0,870.0,835.0,867.0,817.1151120000001,163910
2014-12-26,867.0,880.0,845.0,869.0,819.0,111245
2014-12-29,878.0,880.0,846.0,867.0,867.0,76700
2014-12-30,872.0,880.0,853.0,873.0,873.0,91880
2015-01-02,873.0,882.0,857.0,873.0,873.0,46505
2015-01-05,874.0,876.0,842.0,860.0,860.0,152250
2015-01-06,859.0,874.0,846.0,855.0,855.0,92500
2015-01-07,856.0,857.0,830.0,854.0,854.0,138960
2015-01-08,845.0,893.0,838.0,889.0,889.0,200680
2015-01-09,884.0,918.0,881.0,908.0,908.0,176680
2015-01-12,910.0,922.0,877.0,912.0,912.0,152785
2015-01-13,908.0,921.0,867.0,880.0,880.0,235215
2015-01-14,883.0,934.0,860.0,922.0,922.0,416505
2015-01-15,924.0,978.0,916.0,960.0,960.0,529145
2015-01-16,968.0,968.0,900.0,918.0,918.0,254225
2015-01-19,930.0,941.0,896.0,927.0,927.0,150645
2015-01-20,932.0,940.0,881.0,896.0,896.0,196120
2015-01-21,885.0,895.0,854.0,855.0,855.0,659220
2015-01-22,860.0,860.0,811.0,851.0,851.0,253865
2015-01-23,851.0,882.0,841.0,882.0,882.0,236095
2015-01-26,900.0,944.0,898.0,915.0,915.0,614870
2015-01-27,910.0,910.0,883.0,906.0,906.0,200415
2015-01-28,905.0,928.0,894.0,906.0,906.0,123175
2015-01-29,930.0,930.0,884.0,895.0,895.0,74900
2015-01-30,895.0,898.0,849.0,853.0,853.0,277790
2015-02-02,867.0,867.0,853.0,862.0,862.0,65275
2015-02-03,886.0,886.0,847.0,862.0,862.0,92925
2015-02-04,862.0,877.0,840.0,860.0,860.0,142960
2015-02-05,871.0,885.0,864.0,885.0,885.0,161640
2015-02-06,885.0,968.0,885.0,939.0,939.0,999075
2015-02-09,942.0,960.0,908.0,940.0,940.0,393980
2015-02-10,964.0,1080.0,950.0,1076.0,1076.0,3129450
2015-02-11,1080.0,1080.0,1026.0,1048.0,1048.0,1177215
2015-02-12,1060.0,1120.0,965.0,967.0,967.0,1824395
2015-02-13,967.0,993.0,953.0,978.0,978.0,384170
2015-02-16,983.0,992.0,962.0,962.0,962.0,327590
2015-02-17,987.0,988.0,915.0,929.0,929.0,353810
2015-02-23,929.0,965.0,905.0,962.0,962.0,353620
2015-02-24,952.0,979.0,945.0,956.0,956.0,125035
2015-02-25,962.0,993.0,956.0,986.0,986.0,319140
2015-02-26,986.0,988.0,960.0,964.0,964.0,201390
2015-02-27,942.0,957.0,908.0,944.0,944.0,659990
2015-03-02,944.0,956.0,937.0,952.0,952.0,165760
2015-03-03,969.0,1090.0,948.0,1024.0,1024.0,1328635
2015-03-04,1040.0,1056.0,1000.0,1040.0,1040.0,542180
2015-03-05,1054.0,1116.0,1030.0,1090.0,1090.0,1162650
2015-03-06,1090.0,1120.0,1016.0,1024.0,1024.0,797130
2015-03-09,1030.0,1158.0,1024.0,1152.0,1152.0,1625085
2015-03-10,1130.0,1160.0,1038.0,1040.0,1040.0,1071130
2015-03-11,1028.0,1080.0,1006.0,1050.0,1050.0,383290
2015-03-12,1040.0,1084.0,1030.0,1058.0,1058.0,384395
2015-03-13,1060.0,1070.0,1012.0,1038.0,1038.0,519295
2015-03-16,1044.0,1058.0,1012.0,1014.0,1014.0,361800
2015-03-17,1016.0,1048.0,1008.0,1030.0,1030.0,191110
2015-03-18,1048.0,1064.0,990.0,998.0,998.0,389920
2015-03-19,1000.0,1020.0,964.0,965.0,965.0,321820
2015-03-20,966.0,982.0,942.0,967.0,967.0,267560
2015-03-23,971.0,1014.0,960.0,977.0,977.0,341660
2015-03-24,976.0,998.0,965.0,978.0,978.0,321210
2015-03-25,978.0,991.0,971.0,987.0,987.0,231925
2015-03-26,987.0,992.0,960.0,960.0,960.0,178795
2015-03-27,960.0,999.0,958.0,960.0,960.0,209210
2015-03-30,974.0,992.0,970.0,986.0,986.0,174840
2015-03-31,986.0,1070.0,976.0,1040.0,1040.0,558695
2015-04-01,1034.0,1044.0,1020.0,1036.0,1036.0,160515
2015-04-02,1034.0,1074.0,1028.0,1042.0,1042.0,483960
2015-04-03,1050.0,1054.0,1028.0,1052.0,1052.0,200605
2015-04-06,1052.0,1068.0,1014.0,1018.0,1018.0,256520
2015-04-07,1018.0,1026.0,981.0,984.0,984.0,420830
2015-04-08,986.0,1000.0,974.0,990.0,990.0,232615
2015-04-09,990.0,990.0,962.0,978.0,978.0,125715
2015-04-10,973.0,1006.0,972.0,999.0,999.0,271935
2015-04-13,1008.0,1022.0,999.0,1002.0,1002.0,202040
2015-04-14,1000.0,1002.0,960.0,980.0,980.0,359530
2015-04-15,980.0,989.0,930.0,932.0,932.0,672850
2015-04-16,932.0,946.0,910.0,922.0,922.0,573345
2015-04-17,926.0,946.0,923.0,925.0,925.0,173715
2015-04-20,925.0,952.0,920.0,930.0,930.0,336645
2015-04-21,948.0,976.0,930.0,973.0,973.0,660830
2015-04-22,976.0,976.0,928.0,959.0,959.0,545465
2015-04-23,964.0,1000.0,944.0,986.0,986.0,412165
2015-04-24,996.0,996.0,940.0,951.0,951.0,260255
2015-04-27,966.0,966.0,938.0,950.0,950.0,232380
2015-04-28,949.0,969.0,928.0,928.0,928.0,271340
2015-04-29,924.0,947.0,924.0,934.0,934.0,169395
2015-04-30,940.0,940.0,921.0,924.0,924.0,156825
2015-05-04,924.0,924.0,887.0,903.0,903.0,339950
2015-05-06,903.0,903.0,864.0,871.0,871.0,232335
2015-05-07,878.0,914.0,873.0,913.0,913.0,203885
2015-05-08,913.0,954.0,913.0,954.0,954.0,223910
2015-05-11,954.0,959.0,934.0,956.0,956.0,219285
2015-05-12,956.0,958.0,930.0,933.0,933.0,123645
2015-05-13,940.0,944.0,927.0,928.0,928.0,134265
2015-05-14,928.0,940.0,913.0,932.0,932.0,130645
2015-05-15,940.0,944.0,926.0,940.0,940.0,111095
2015-05-18,940.0,948.0,906.0,930.0,930.0,195425
2015-05-19,927.0,938.0,882.0,898.0,898.0,456345
2015-05-20,894.0,980.0,894.0,974.0,974.0,423570
2015-05-21,976.0,976.0,936.0,962.0,962.0,301500
2015-05-22,980.0,1106.0,965.0,1106.0,1106.0,3473530
2015-05-26,1106.0,1270.0,1106.0,1208.0,1208.0,4123870
2015-05-27,1218.0,1218.0,1096.0,1120.0,1120.0,2118850
2015-05-28,1152.0,1288.0,1134.0,1288.0,1288.0,3099595
2015-05-29,1306.0,1320.0,1230.0,1244.0,1244.0,2089395
2015-06-01,1222.0,1224.0,1184.0,1186.0,1186.0,864420
2015-06-02,1200.0,1362.0,1142.0,1362.0,1362.0,1522405
2015-06-03,1328.0,1356.0,1258.0,1272.0,1272.0,865555
2015-06-04,1298.0,1456.0,1272.0,1292.0,1292.0,1346095
2015-06-05,1284.0,1410.0,1252.0,1344.0,1344.0,727385
2015-06-08,1310.0,1396.0,1272.0,1364.0,1364.0,370655
2015-06-09,1362.0,1374.0,1266.0,1290.0,1290.0,757755
2015-06-10,1300.0,1380.0,1290.0,1362.0,1362.0,621215
2015-06-11,1374.0,1564.0,1364.0,1500.0,1500.0,1751255
2015-06-12,1498.0,1582.0,1436.0,1500.0,1500.0,891385
2015-06-15,1420.0,1448.0,1304.0,1380.0,1380.0,877440
2015-06-16,1382.0,1480.0,1352.0,1458.0,1458.0,405915
2015-06-17,1420.0,1460.0,1400.0,1400.0,1400.0,478140
2015-06-18,1380.0,1510.0,1378.0,1426.0,1426.0,368415
2015-06-19,1492.0,1498.0,1368.0,1374.0,1374.0,279055
2015-06-22,1374.0,1428.0,1360.0,1366.0,1366.0,216270
2015-06-23,1366.0,1378.0,1240.0,1364.0,1364.0,639290
2015-06-24,1376.0,1710.0,1338.0,1598.0,1598.0,2442755
2015-06-25,1640.0,1880.0,1620.0,1750.0,1750.0,2558975
2015-06-26,1810.0,1868.0,1678.0,1820.0,1820.0,1121950
2015-06-29,1816.0,1816.0,1720.0,1748.0,1748.0,425900
2015-06-30,1744.0,1890.0,1660.0,1776.0,1776.0,806350
2015-07-01,1752.0,1870.0,1736.0,1774.0,1774.0,428305
2015-07-02,1800.0,1888.0,1778.0,1816.0,1816.0,1133170
2015-07-03,1860.0,2100.0,1860.0,2080.0,2080.0,1347485
2015-07-06,2110.0,2680.0,2090.0,2480.0,2480.0,2310335
2015-07-07,2630.0,2850.0,2370.0,2800.0,2800.0,2097920
2015-07-08,3020.0,3300.0,2370.0,2770.0,2770.0,4285785
2015-07-09,2770.0,2960.0,2330.0,2800.0,2800.0,3636150
2015-07-10,2830.0,3060.0,2740.0,2800.0,2800.0,1472035
2015-07-13,2800.0,2930.0,2740.0,2830.0,2830.0,711815
2015-07-14,2840.0,2870.0,2740.0,2820.0,2820.0,486090
2015-07-15,2860.0,2860.0,2750.0,2840.0,2840.0,470695
2015-07-16,2790.0,2880.0,2720.0,2760.0,2760.0,334370
2015-07-17,2860.0,3020.0,2810.0,2870.0,2870.0,715470
2015-07-20,2830.0,2870.0,2740.0,2870.0,2870.0,432435
2015-07-21,2880.0,3260.0,2880.0,3100.0,3100.0,812840
2015-07-22,3150.0,3250.0,2960.0,2980.0,2980.0,468670
2015-07-23,3080.0,3080.0,2940.0,2990.0,2990.0,413535
2015-07-24,3020.0,3020.0,2780.0,2960.0,2960.0,301935
2015-07-27,2960.0,3000.0,2860.0,2920.0,2920.0,188790
2015-07-28,2910.0,2960.0,2780.0,2960.0,2960.0,373185
2015-07-29,2960.0,3100.0,2900.0,3030.0,3030.0,255165
2015-07-30,3050.0,3360.0,2920.0,2990.0,2990.0,859010
2015-07-31,3060.0,3180.0,2980.0,3040.0,3040.0,225495
2015-08-03,3040.0,3220.0,3040.0,3180.0,3180.0,550770
2015-08-04,3290.0,3290.0,3040.0,3260.0,3260.0,897980
2015-08-05,3280.0,3300.0,3180.0,3180.0,3180.0,259720
2015-08-06,3140.0,3260.0,3050.0,3050.0,3050.0,610625
2015-08-07,3050.0,3260.0,2880.0,3260.0,3260.0,664720
2015-08-10,3300.0,3330.0,3100.0,3160.0,3160.0,583090
2015-08-11,3160.0,3280.0,3090.0,3150.0,3150.0,618190
2015-08-12,3120.0,3300.0,3050.0,3060.0,3060.0,538870
2015-08-13,3070.0,3710.0,3070.0,3540.0,3540.0,1567875
2015-08-14,3540.0,3540.0,3540.0,3540.0,3540.0,0
2015-08-17,3630.0,3890.0,3600.0,3750.0,3750.0,1145685
2015-08-18,3760.0,3880.0,3450.0,3760.0,3760.0,1025255
2015-08-19,3760.0,3760.0,3460.0,3640.0,3640.0,623805
2015-08-20,3680.0,3680.0,3320.0,3320.0,3320.0,380465
2015-08-21,3150.0,3160.0,2720.0,2740.0,2740.0,1368950
2015-08-24,2480.0,3050.0,2480.0,2780.0,2780.0,716475
2015-08-25,2810.0,2980.0,2690.0,2820.0,2820.0,269260
2015-08-26,2830.0,3060.0,2810.0,2940.0,2940.0,259710
2015-08-27,2990.0,3060.0,2910.0,2940.0,2940.0,290110
2015-08-28,2940.0,3040.0,2890.0,2910.0,2910.0,303950
2015-08-31,2980.0,2980.0,2760.0,2920.0,2920.0,129340
2015-09-01,2910.0,2950.0,2620.0,2620.0,2620.0,472605
2015-09-02,2720.0,2960.0,2620.0,2920.0,2920.0,633185
2015-09-03,2930.0,2970.0,2820.0,2860.0,2860.0,263150
2015-09-04,2860.0,2930.0,2760.0,2800.0,2800.0,262270
2015-09-07,2680.0,2940.0,2680.0,2840.0,2840.0,395200
2015-09-08,2840.0,2950.0,2750.0,2750.0,2750.0,225835
2015-09-09,2840.0,2840.0,2730.0,2770.0,2770.0,191755
2015-09-10,2790.0,2790.0,2590.0,2730.0,2730.0,430950
2015-09-11,2700.0,2750.0,2620.0,2690.0,2690.0,233375
2015-09-14,2670.0,2730.0,2580.0,2710.0,2710.0,364785
2015-09-15,2680.0,2900.0,2670.0,2860.0,2860.0,317275
2015-09-16,2940.0,2940.0,2820.0,2930.0,2930.0,337985
2015-09-17,2940.0,2950.0,2820.0,2840.0,2840.0,191475
2015-09-18,2870.0,3070.0,2800.0,2970.0,2970.0,384110
2015-09-21,2960.0,3010.0,2860.0,2910.0,2910.0,191555
2015-09-22,2900.0,3000.0,2850.0,2890.0,2890.0,266930
2015-09-23,2890.0,2930.0,2620.0,2800.0,2800.0,500575
2015-09-24,2760.0,2830.0,2700.0,2800.0,2800.0,220425
2015-09-25,2830.0,2920.0,2730.0,2900.0,2900.0,331905
2015-09-30,2830.0,2920.0,2730.0,2910.0,2910.0,525555
2015-10-01,2980.0,2980.0,2710.0,2760.0,2760.0,489585
2015-10-02,2720.0,2860.0,2650.0,2780.0,2780.0,261775
2015-10-05,2820.0,2840.0,2710.0,2800.0,2800.0,216855
2015-10-06,2750.0,2900.0,2730.0,2840.0,2840.0,209175
2015-10-07,2870.0,2870.0,2730.0,2750.0,2750.0,334955
2015-10-08,2670.0,2710.0,2580.0,2630.0,2630.0,446045
2015-10-12,2630.0,2790.0,2460.0,2690.0,2690.0,209145
2015-10-13,2690.0,2740.0,2590.0,2690.0,2690.0,140305
2015-10-14,2670.0,3430.0,2650.0,3290.0,3290.0,1655420
2015-10-15,3230.0,3230.0,2920.0,3100.0,3100.0,822575
2015-10-16,3030.0,3240.0,3030.0,3130.0,3130.0,390465
2015-10-19,3150.0,3460.0,3130.0,3320.0,3320.0,705005
2015-10-20,3280.0,3400.0,3270.0,3330.0,3330.0,443700
2015-10-21,3430.0,3430.0,3280.0,3320.0,3320.0,349140
2015-10-22,3320.0,3360.0,3140.0,3190.0,3190.0,216735
2015-10-23,3200.0,3260.0,3060.0,3060.0,3060.0,287750
2015-10-26,3090.0,3650.0,3080.0,3600.0,3600.0,1131130
2015-10-27,3630.0,3720.0,3530.0,3690.0,3690.0,393440
2015-10-28,3760.0,3940.0,3620.0,3830.0,3830.0,555450
2015-10-29,3920.0,3920.0,3660.0,3810.0,3810.0,265590
2015-10-30,3810.0,3840.0,3580.0,3660.0,3660.0,322835
2015-11-02,3660.0,3660.0,3380.0,3540.0,3540.0,461535
2015-11-03,3540.0,3620.0,3380.0,3600.0,3600.0,395500
2015-11-04,3660.0,3660.0,3420.0,3550.0,3550.0,221285
2015-11-05,3580.0,3580.0,3470.0,3520.0,3520.0,95650
2015-11-06,3450.0,3760.0,3330.0,3760.0,3760.0,417545
2015-11-09,3650.0,3800.0,3280.0,3470.0,3470.0,1002745
2015-11-10,3370.0,3630.0,3320.0,3610.0,3610.0,414735
2015-11-11,3660.0,3780.0,3420.0,3470.0,3470.0,637195
2015-11-12,3520.0,3580.0,3470.0,3490.0,3490.0,298915
2015-11-13,3410.0,3600.0,3400.0,3570.0,3570.0,247875
2015-11-16,3570.0,3600.0,3480.0,3580.0,3580.0,196910
2015-11-17,3550.0,3770.0,3520.0,3690.0,3690.0,414560
2015-11-18,3700.0,3760.0,3550.0,3600.0,3600.0,314115
2015-11-19,3680.0,3700.0,3500.0,3610.0,3610.0,290210
2015-11-20,3610.0,3640.0,3550.0,3560.0,3560.0,185785
2015-11-23,3640.0,3770.0,3560.0,3640.0,3640.0,427585
2015-11-24,3680.0,3680.0,3540.0,3580.0,3580.0,201655
2015-11-25,3600.0,3600.0,3460.0,3490.0,3490.0,209825
2015-11-26,3530.0,3540.0,3450.0,3470.0,3470.0,251460
2015-11-27,3470.0,3630.0,3400.0,3550.0,3550.0,444525
2015-11-30,3490.0,3530.0,3340.0,3440.0,3440.0,509390
2015-12-01,3490.0,3510.0,3340.0,3340.0,3340.0,212270
2015-12-02,3340.0,3400.0,3120.0,3180.0,3180.0,486265
2015-12-03,3180.0,3380.0,2900.0,3130.0,3130.0,1064545
2015-12-04,3130.0,3260.0,3030.0,3120.0,3120.0,215055
2015-12-07,3310.0,3310.0,3130.0,3230.0,3230.0,256675
2015-12-08,3270.0,3270.0,3120.0,3210.0,3210.0,240385
2015-12-09,3280.0,3280.0,3120.0,3180.0,3180.0,193740
2015-12-10,3180.0,3180.0,2910.0,3060.0,3060.0,454900
2015-12-11,3060.0,3060.0,2820.0,2980.0,2980.0,367000
2015-12-14,2960.0,3020.0,2820.0,2870.0,2870.0,270380
2015-12-15,2760.0,3060.0,2760.0,3060.0,3060.0,225900
2015-12-16,3060.0,3160.0,3030.0,3110.0,3110.0,225755
2015-12-17,3110.0,3200.0,3080.0,3170.0,3170.0,142170
2015-12-18,3240.0,3390.0,2980.0,3130.0,3130.0,740200
2015-12-21,3130.0,3200.0,3050.0,3160.0,3160.0,196270
2015-12-22,3110.0,3110.0,2930.0,2940.0,2940.0,241070
2015-12-23,2930.0,3040.0,2900.0,3020.0,3020.0,210850
2015-12-24,3040.0,3040.0,2920.0,2970.0,2970.0,149200
2015-12-28,2970.0,2980.0,2820.0,2850.0,2850.0,131875
2015-12-29,2850.0,3010.0,2850.0,2910.0,2910.0,60975
2015-12-30,2890.0,2980.0,2880.0,2910.0,2910.0,51575
2016-01-04,2910.0,3120.0,2910.0,3040.0,3040.0,183830
2016-01-05,3000.0,3040.0,2920.0,2960.0,2960.0,98790
2016-01-06,3090.0,3090.0,2870.0,2960.0,2960.0,121460
2016-01-07,2980.0,3040.0,2940.0,3000.0,3000.0,159470
2016-01-08,2950.0,2990.0,2880.0,2980.0,2980.0,146885
2016-01-11,2980.0,3010.0,2910.0,3000.0,3000.0,171355
2016-01-12,3020.0,3080.0,2900.0,2900.0,2900.0,160245
2016-01-13,2960.0,2960.0,2870.0,2940.0,2940.0,78955
2016-01-14,2880.0,2910.0,2720.0,2900.0,2900.0,194835
2016-01-15,2940.0,2940.0,2790.0,2890.0,2890.0,116500
2016-01-18,2880.0,2880.0,2760.0,2800.0,2800.0,94575
2016-01-19,2800.0,2820.0,2670.0,2780.0,2780.0,177685
2016-01-20,2790.0,2820.0,2680.0,2800.0,2800.0,180010
2016-01-21,2790.0,2940.0,2720.0,2760.0,2760.0,181035
2016-01-22,2810.0,2870.0,2720.0,2770.0,2770.0,158365
2016-01-25,2780.0,2840.0,2710.0,2770.0,2770.0,177185
2016-01-26,2760.0,2810.0,2700.0,2780.0,2780.0,114750
2016-01-27,2870.0,2870.0,2680.0,2750.0,2750.0,118010
2016-01-28,2710.0,2780.0,2710.0,2770.0,2770.0,83920
2016-01-29,2780.0,3000.0,2770.0,2800.0,2800.0,269670
2016-02-01,2840.0,2840.0,2770.0,2810.0,2810.0,272370
2016-02-02,2790.0,2890.0,2790.0,2800.0,2800.0,239210
2016-02-03,2800.0,2960.0,2800.0,2860.0,2860.0,114845
2016-02-04,2810.0,2890.0,2680.0,2780.0,2780.0,204035
2016-02-05,2780.0,2860.0,2740.0,2780.0,2780.0,93625
2016-02-11,2780.0,2840.0,2650.0,2740.0,2740.0,216130
2016-02-12,2700.0,2750.0,2590.0,2750.0,2750.0,183605
2016-02-15,2700.0,2790.0,2700.0,2740.0,2740.0,61905
2016-02-16,2770.0,2810.0,2700.0,2740.0,2740.0,118565
2016-02-17,2730.0,2780.0,2720.0,2760.0,2760.0,159300
2016-02-18,2820.0,2940.0,2760.0,2900.0,2900.0,258850
2016-02-19,2970.0,2970.0,2800.0,2810.0,2810.0,181165
2016-02-22,2800.0,2820.0,2640.0,2810.0,2810.0,119605
2016-02-23,2810.0,2930.0,2760.0,2790.0,2790.0,157625
2016-02-24,2800.0,3000.0,2760.0,2920.0,2920.0,263195
2016-02-25,2930.0,2970.0,2810.0,2860.0,2860.0,156525
2016-02-26,2860.0,2940.0,2750.0,2840.0,2840.0,209940
2016-02-29,2880.0,2880.0,2800.0,2850.0,2850.0,95780
2016-03-02,2850.0,2890.0,2800.0,2810.0,2810.0,138260
2016-03-03,2870.0,2880.0,2650.0,2740.0,2740.0,206870
2016-03-04,2770.0,2770.0,2620.0,2730.0,2730.0,282925
2016-03-07,2750.0,2750.0,2580.0,2670.0,2670.0,305400
2016-03-08,2680.0,2880.0,2580.0,2710.0,2710.0,454715
2016-03-09,2670.0,2780.0,2670.0,2720.0,2720.0,150530
2016-03-10,2700.0,2780.0,2700.0,2780.0,2780.0,131120
2016-03-11,2780.0,2780.0,2680.0,2690.0,2690.0,206795
2016-03-14,2730.0,3320.0,2730.0,3060.0,3060.0,1029975
2016-03-15,3130.0,3410.0,3060.0,3180.0,3180.0,1182990
2016-03-16,3380.0,3380.0,3180.0,3320.0,3320.0,744270
2016-03-17,3300.0,3720.0,3250.0,3650.0,3650.0,1584540
2016-03-18,3700.0,3860.0,3680.0,3830.0,3830.0,1188940
2016-03-21,3900.0,3910.0,3680.0,3790.0,3790.0,649380
2016-03-22,3790.0,3890.0,3660.0,3820.0,3820.0,540525
2016-03-23,3770.0,3850.0,3700.0,3760.0,3760.0,268545
2016-03-24,3760.0,3830.0,3630.0,3630.0,3630.0,286560
2016-03-25,3630.0,3790.0,3600.0,3690.0,3690.0,256705
2016-03-28,3690.0,3740.0,3640.0,3690.0,3690.0,346730
2016-03-29,3700.0,3890.0,3700.0,3740.0,3740.0,427800
2016-03-30,3800.0,3820.0,3700.0,3750.0,3750.0,214430
2016-03-31,3780.0,3790.0,3720.0,3780.0,3780.0,208460
2016-04-01,3760.0,4150.0,3750.0,4000.0,4000.0,1023080
2016-04-04,4030.0,4300.0,4010.0,4230.0,4230.0,695065
2016-04-05,4400.0,4400.0,4110.0,4200.0,4200.0,515335
2016-04-06,4120.0,4240.0,4100.0,4160.0,4160.0,277490
2016-04-07,4170.0,4230.0,4120.0,4120.0,4120.0,281005
2016-04-08,4120.0,4180.0,3990.0,4020.0,4020.0,421155
2016-04-11,4060.0,4360.0,4060.0,4320.0,4320.0,409665
2016-04-12,4210.0,4510.0,4210.0,4510.0,4510.0,387065
2016-04-14,4510.0,4690.0,4510.0,4580.0,4580.0,551250
2016-04-15,4640.0,4640.0,4440.0,4540.0,4540.0,312325
2016-04-18,4560.0,4700.0,4370.0,4440.0,4440.0,309415
2016-04-19,4460.0,4540.0,4200.0,4320.0,4320.0,458855
2016-04-20,4400.0,4420.0,4210.0,4300.0,4300.0,293180
2016-04-21,4270.0,4520.0,4270.0,4520.0,4520.0,225155
2016-04-22,4470.0,4610.0,4470.0,4560.0,4560.0,277260
2016-04-25,4580.0,4640.0,4480.0,4540.0,4540.0,535290
2016-04-26,4540.0,4580.0,4330.0,4490.0,4490.0,352200
2016-04-27,4590.0,4590.0,4040.0,4040.0,4040.0,1029390
2016-04-28,4140.0,5030.0,4120.0,5030.0,5030.0,2452995
2016-04-29,5030.0,5030.0,5030.0,5030.0,5030.0,0
2016-05-02,5030.0,5030.0,5030.0,5030.0,5030.0,0
2016-05-03,5030.0,5030.0,5030.0,5030.0,5030.0,0
2016-05-04,5030.0,5030.0,5030.0,5030.0,5030.0,0
2016-05-09,5030.0,5030.0,5030.0,5030.0,5030.0,0
2016-05-10,5030.0,5030.0,5030.0,5030.0,5030.0,0
2016-05-11,5030.0,5030.0,5030.0,5030.0,5030.0,0
2016-05-12,5030.0,5030.0,5030.0,5030.0,5030.0,0
2016-05-13,5030.0,5030.0,5030.0,5030.0,5030.0,0
2016-05-16,5030.0,5030.0,5030.0,5030.0,5030.0,0
2016-05-17,5030.0,5030.0,5030.0,5030.0,5030.0,0
2016-05-18,5030.0,5030.0,5030.0,5030.0,5030.0,0
2016-05-19,5030.0,5030.0,5030.0,5030.0,5030.0,0
2016-05-20,5030.0,5030.0,5030.0,5030.0,5030.0,0
2016-05-23,5330.0,5860.0,4960.0,5110.0,5110.0,2030903
2016-05-24,5110.0,5340.0,4875.0,5060.0,5060.0,846245
2016-05-25,5230.0,5230.0,4600.0,4995.0,4995.0,809009
2016-05-26,5010.0,5380.0,4850.0,5320.0,5320.0,691462
2016-05-27,5400.0,5930.0,5170.0,5650.0,5650.0,1300915
2016-05-30,5750.0,5890.0,5520.0,5680.0,5680.0,543057
2016-05-31,5750.0,5850.0,5640.0,5770.0,5770.0,366585
2016-06-01,5880.0,5900.0,5720.0,5830.0,5830.0,367788
2016-06-02,5840.0,5910.0,5780.0,5780.0,5780.0,372669
2016-06-03,5810.0,6570.0,5810.0,6530.0,6530.0,1485028
2016-06-07,6530.0,6970.0,6380.0,6590.0,6590.0,1439017
2016-06-08,6530.0,6780.0,6530.0,6710.0,6710.0,397548
2016-06-09,6780.0,6970.0,6710.0,6960.0,6960.0,828539
2016-06-10,7130.0,7250.0,6670.0,7000.0,7000.0,827990
2016-06-13,7000.0,7000.0,6670.0,6870.0,6870.0,523324
2016-06-14,6860.0,7020.0,6560.0,6990.0,6990.0,630404
2016-06-15,6850.0,7200.0,6850.0,7170.0,7170.0,590839
2016-06-16,7200.0,7270.0,6920.0,7000.0,7000.0,574360
2016-06-17,6940.0,7080.0,5600.0,6550.0,6550.0,1761814
2016-06-20,6600.0,6650.0,6150.0,6570.0,6570.0,1388568
2016-06-21,6600.0,6680.0,6400.0,6400.0,6400.0,447747
2016-06-22,6280.0,6660.0,6150.0,6650.0,6650.0,448798
2016-06-23,6550.0,6630.0,6400.0,6410.0,6410.0,452560
2016-06-24,6500.0,6540.0,5700.0,5780.0,5780.0,1278679
2016-06-27,5330.0,6430.0,5330.0,6320.0,6320.0,1048506
2016-06-28,6250.0,6730.0,6170.0,6550.0,6550.0,656522
2016-06-29,6660.0,6750.0,6450.0,6630.0,6630.0,492633
2016-06-30,6650.0,6700.0,6490.0,6570.0,6570.0,398227
2016-07-01,6630.0,6630.0,6500.0,6530.0,6530.0,285541
2016-07-04,6580.0,6580.0,6410.0,6410.0,6410.0,311390
2016-07-05,6360.0,6400.0,6080.0,6180.0,6180.0,673902
2016-07-06,6320.0,6690.0,6290.0,6670.0,6670.0,1037289
2016-07-07,6620.0,6970.0,6600.0,6760.0,6760.0,986400
2016-07-08,6870.0,7040.0,6770.0,6980.0,6980.0,900575
2016-07-11,6990.0,6990.0,6320.0,6600.0,6600.0,853189
2016-07-12,6650.0,6730.0,6500.0,6600.0,6600.0,489274
2016-07-13,6880.0,6900.0,6540.0,6620.0,6620.0,1026454
2016-07-14,6700.0,6720.0,6550.0,6670.0,6670.0,388744
2016-07-15,6750.0,7080.0,6470.0,6820.0,6820.0,1780565
2016-07-18,6750.0,6800.0,6520.0,6610.0,6610.0,552093
2016-07-19,6580.0,6580.0,6160.0,6380.0,6380.0,790372
2016-07-20,6390.0,6490.0,6110.0,6470.0,6470.0,809734
2016-07-21,6590.0,6590.0,6350.0,6500.0,6500.0,365871
2016-07-22,6500.0,6570.0,6420.0,6470.0,6470.0,237743
2016-07-25,6580.0,6750.0,6260.0,6370.0,6370.0,745674
2016-07-26,6370.0,6370.0,6100.0,6270.0,6270.0,391524
2016-07-27,6170.0,6300.0,6090.0,6090.0,6090.0,409041
2016-07-28,6090.0,6180.0,5970.0,5980.0,5980.0,303696
2016-07-29,5780.0,5920.0,5520.0,5820.0,5820.0,678446
2016-08-01,5850.0,6130.0,5840.0,5940.0,5940.0,353010
2016-08-02,5930.0,5970.0,5510.0,5630.0,5630.0,505418
2016-08-03,5630.0,5830.0,5580.0,5590.0,5590.0,235414
2016-08-04,5660.0,5870.0,5420.0,5660.0,5660.0,376032
2016-08-05,5800.0,6120.0,5710.0,6120.0,6120.0,455811
2016-08-08,6190.0,6300.0,6110.0,6170.0,6170.0,434984
2016-08-09,6230.0,6250.0,6110.0,6120.0,6120.0,160226
2016-08-10,6190.0,6190.0,5950.0,6070.0,6070.0,171132
2016-08-11,6010.0,6110.0,5870.0,5940.0,5940.0,208530
2016-08-12,6010.0,6190.0,5930.0,6160.0,6160.0,330770
2016-08-16,6160.0,6160.0,5980.0,6060.0,6060.0,180937
2016-08-17,6140.0,6140.0,5850.0,5960.0,5960.0,192050
2016-08-18,5960.0,6030.0,5580.0,5790.0,5790.0,353973
2016-08-19,5730.0,5930.0,5620.0,5930.0,5930.0,294495
2016-08-22,5900.0,6000.0,5690.0,5710.0,5710.0,218553
2016-08-23,5760.0,5930.0,5350.0,5800.0,5800.0,697616
2016-08-24,5800.0,5830.0,5720.0,5730.0,5730.0,153356
2016-08-25,5740.0,5780.0,5650.0,5700.0,5700.0,131016
2016-08-26,5720.0,5770.0,5500.0,5700.0,5700.0,183560
2016-08-29,5700.0,5700.0,5360.0,5390.0,5390.0,254299
2016-08-30,5390.0,5510.0,5300.0,5400.0,5400.0,321650
2016-08-31,5410.0,5410.0,4980.0,5130.0,5130.0,531322
2016-09-01,5140.0,5240.0,4990.0,5140.0,5140.0,309078
2016-09-02,5200.0,5220.0,4990.0,5150.0,5150.0,263032
2016-09-05,5150.0,5170.0,4995.0,5000.0,5000.0,364735
2016-09-06,5040.0,5090.0,4980.0,5000.0,5000.0,310880
2016-09-07,5000.0,5510.0,5000.0,5290.0,5290.0,713523
2016-09-08,5250.0,5280.0,4965.0,5160.0,5160.0,482585
2016-09-09,5000.0,5270.0,5000.0,5000.0,5000.0,333059
2016-09-12,4895.0,5040.0,4705.0,4950.0,4950.0,266578
2016-09-13,4950.0,4980.0,4830.0,4945.0,4945.0,244839
2016-09-19,4945.0,5230.0,4930.0,5150.0,5150.0,305553
2016-09-20,5090.0,5140.0,4975.0,5060.0,5060.0,213772
2016-09-21,5080.0,5130.0,4975.0,4995.0,4995.0,171762
2016-09-22,5010.0,5080.0,4950.0,4950.0,4950.0,203504
2016-09-23,4955.0,4985.0,4825.0,4860.0,4860.0,287315
2016-09-26,4860.0,4935.0,4755.0,4800.0,4800.0,247184
2016-09-27,4750.0,4820.0,4485.0,4625.0,4625.0,551883
2016-09-28,4645.0,4750.0,4600.0,4600.0,4600.0,219421
2016-09-29,4655.0,4670.0,4485.0,4600.0,4600.0,223957
2016-09-30,4600.0,4895.0,4530.0,4680.0,4680.0,429777
2016-10-04,4680.0,4680.0,4525.0,4590.0,4590.0,316266
2016-10-05,4585.0,5040.0,4395.0,4755.0,4755.0,1148222
2016-10-06,4825.0,5450.0,4825.0,5320.0,5320.0,1976691
2016-10-07,5370.0,5460.0,5150.0,5340.0,5340.0,568564
2016-10-10,5300.0,5570.0,5300.0,5460.0,5460.0,755539
2016-10-11,5500.0,5660.0,5060.0,5220.0,5220.0,907978
2016-10-12,5160.0,5420.0,5160.0,5240.0,5240.0,461180
2016-10-13,5220.0,5590.0,5130.0,5130.0,5130.0,1125563
2016-10-14,5140.0,5150.0,4925.0,5060.0,5060.0,547680
2016-10-17,5060.0,5430.0,5060.0,5370.0,5370.0,957423
2016-10-18,5370.0,5450.0,5310.0,5400.0,5400.0,401784
2016-10-19,5460.0,5580.0,5210.0,5270.0,5270.0,871594
2016-10-20,5240.0,5350.0,5110.0,5290.0,5290.0,347306
2016-10-21,5280.0,5440.0,5280.0,5330.0,5330.0,314910
2016-10-24,5350.0,5420.0,5200.0,5210.0,5210.0,299801
2016-10-25,5210.0,5290.0,4980.0,4985.0,4985.0,426450
2016-10-26,5030.0,5080.0,4730.0,4890.0,4890.0,300692
2016-10-27,4855.0,4975.0,4800.0,4875.0,4875.0,181829
2016-10-28,4855.0,4885.0,4600.0,4650.0,4650.0,293759
2016-10-31,4700.0,4725.0,4530.0,4530.0,4530.0,256749
2016-11-01,4390.0,4675.0,4390.0,4555.0,4555.0,288330
2016-11-02,4570.0,4615.0,4210.0,4340.0,4340.0,450680
2016-11-03,4165.0,4465.0,4165.0,4465.0,4465.0,250594
2016-11-04,4465.0,4500.0,4330.0,4465.0,4465.0,222386
2016-11-07,4410.0,4735.0,4410.0,4520.0,4520.0,257560
2016-11-08,4590.0,4675.0,4520.0,4580.0,4580.0,152545
2016-11-09,4565.0,4670.0,3715.0,3995.0,3995.0,768409
2016-11-10,4150.0,4210.0,4035.0,4200.0,4200.0,285192
2016-11-11,4175.0,4375.0,4115.0,4310.0,4310.0,169918
2016-11-14,4265.0,4340.0,4180.0,4315.0,4315.0,198531
2016-11-15,4210.0,4470.0,4210.0,4390.0,4390.0,157509
2016-11-16,4400.0,4795.0,4400.0,4750.0,4750.0,552117
2016-11-17,4760.0,4990.0,4655.0,4720.0,4720.0,457280
2016-11-18,4780.0,4860.0,4565.0,4660.0,4660.0,265222
2016-11-21,4740.0,4780.0,4500.0,4590.0,4590.0,171587
2016-11-22,4635.0,4635.0,4455.0,4530.0,4530.0,172886
2016-11-23,4465.0,4515.0,4270.0,4475.0,4475.0,254858
2016-11-24,4480.0,4520.0,4290.0,4290.0,4290.0,154939
2016-11-25,4290.0,4365.0,4165.0,4260.0,4260.0,233651
2016-11-28,4260.0,4350.0,4045.0,4055.0,4055.0,254438
2016-11-29,4070.0,4190.0,3950.0,4070.0,4070.0,167223
2016-11-30,4070.0,4410.0,4070.0,4330.0,4330.0,237670
2016-12-01,4335.0,4385.0,4210.0,4265.0,4265.0,166229
2016-12-02,4175.0,4300.0,4130.0,4165.0,4165.0,217908
2016-12-05,4165.0,4280.0,3985.0,3985.0,3985.0,146973
2016-12-06,3910.0,4120.0,3865.0,4010.0,4010.0,247406
2016-12-07,3940.0,4250.0,3940.0,4060.0,4060.0,201884
2016-12-08,4110.0,4240.0,3945.0,4095.0,4095.0,92170
2016-12-09,4155.0,4155.0,3920.0,4010.0,4010.0,223463
2016-12-12,4050.0,4090.0,3905.0,4020.0,4020.0,236429
2016-12-13,4020.0,4300.0,3880.0,4300.0,4300.0,736007
2016-12-14,4420.0,4860.0,4320.0,4450.0,4450.0,1550662
2016-12-15,4410.0,4715.0,4395.0,4625.0,4625.0,693772
2016-12-16,4665.0,4815.0,4570.0,4675.0,4675.0,883504
2016-12-19,4655.0,4685.0,4460.0,4505.0,4505.0,365339
2016-12-20,4540.0,4575.0,4275.0,4310.0,4310.0,384119
2016-12-21,4350.0,4475.0,4230.0,4435.0,4435.0,269601
2016-12-22,4435.0,4455.0,4235.0,4370.0,4370.0,212152
2016-12-23,4375.0,4425.0,4260.0,4270.0,4270.0,202078
2016-12-26,4285.0,4325.0,4100.0,4150.0,4150.0,213397
2016-12-27,4230.0,4240.0,3935.0,4020.0,4020.0,611753
2016-12-28,3985.0,4275.0,3940.0,4165.0,4165.0,305413
2016-12-29,4130.0,4185.0,4000.0,4070.0,4070.0,225142
2017-01-02,4070.0,4085.0,3955.0,4065.0,4065.0,213178
2017-01-03,4065.0,4250.0,4020.0,4250.0,4250.0,275428
2017-01-04,4290.0,4420.0,4250.0,4290.0,4290.0,464731
2017-01-05,4265.0,4360.0,4180.0,4225.0,4225.0,196066
2017-01-06,4205.0,4260.0,4080.0,4130.0,4130.0,340564
2017-01-09,4095.0,4150.0,4030.0,4070.0,4070.0,160989
2017-01-10,4035.0,4180.0,4015.0,4040.0,4040.0,255753
2017-01-11,4000.0,4045.0,3810.0,4000.0,4000.0,421760
2017-01-12,3970.0,4025.0,3875.0,3885.0,3885.0,428446
2017-01-13,3900.0,3950.0,3580.0,3675.0,3675.0,1585366
2017-01-16,3750.0,3780.0,3575.0,3575.0,3575.0,333939
2017-01-17,3505.0,3645.0,3475.0,3570.0,3570.0,676737
2017-01-18,3550.0,3650.0,3505.0,3575.0,3575.0,246657
2017-01-19,3625.0,3710.0,3590.0,3660.0,3660.0,207272
2017-01-20,3590.0,3660.0,3500.0,3560.0,3560.0,306055
2017-01-23,3535.0,3605.0,3300.0,3300.0,3300.0,393658
2017-01-24,3345.0,3380.0,3250.0,3310.0,3310.0,328262
2017-01-25,3345.0,3345.0,2995.0,2995.0,2995.0,618067
2017-01-26,3010.0,3450.0,2995.0,3310.0,3310.0,873309
2017-01-31,3310.0,3310.0,3050.0,3110.0,3110.0,425644
2017-02-01,3110.0,3250.0,3075.0,3205.0,3205.0,226731
2017-02-02,3225.0,3255.0,3100.0,3200.0,3200.0,282683
2017-02-03,3165.0,3175.0,2945.0,2970.0,2970.0,486981
2017-02-06,3020.0,3410.0,3000.0,3340.0,3340.0,1103490
2017-02-07,3350.0,3390.0,3240.0,3320.0,3320.0,353069
2017-02-08,3300.0,3455.0,3240.0,3340.0,3340.0,292262
2017-02-09,3280.0,3410.0,3275.0,3355.0,3355.0,206869
2017-02-10,3355.0,3500.0,3230.0,3350.0,3350.0,389631
2017-02-13,3280.0,3580.0,3280.0,3575.0,3575.0,544936
2017-02-14,3650.0,4055.0,3650.0,3865.0,3865.0,3776205
2017-02-15,3980.0,3980.0,3735.0,3760.0,3760.0,641801
2017-02-16,3790.0,3950.0,3745.0,3925.0,3925.0,543064
2017-02-17,3890.0,4185.0,3880.0,4185.0,4185.0,1123985
2017-02-20,4185.0,4325.0,4155.0,4190.0,4190.0,552935
2017-02-21,4100.0,4175.0,4035.0,4140.0,4140.0,285110
2017-02-22,4150.0,4190.0,3955.0,3955.0,3955.0,463594
2017-02-23,3960.0,4095.0,3765.0,3895.0,3895.0,489418
2017-02-24,3780.0,3925.0,3725.0,3730.0,3730.0,385008
2017-02-27,3815.0,3820.0,3655.0,3690.0,3690.0,322985
2017-02-28,3650.0,4060.0,3650.0,3975.0,3975.0,635274
2017-03-02,3975.0,4400.0,3960.0,4380.0,4380.0,2303091
2017-03-03,4380.0,4420.0,4000.0,4375.0,4375.0,623617
2017-03-06,4330.0,4425.0,4200.0,4200.0,4200.0,685817
2017-03-07,4290.0,4320.0,4100.0,4320.0,4320.0,438828
2017-03-08,4275.0,4460.0,4275.0,4350.0,4350.0,716337
2017-03-09,4350.0,4430.0,4270.0,4280.0,4280.0,256693
2017-03-10,4215.0,4385.0,4190.0,4305.0,4305.0,318581
2017-03-13,4350.0,4520.0,4300.0,4460.0,4460.0,617786
2017-03-14,4510.0,4680.0,4455.0,4530.0,4530.0,584433
2017-03-15,4580.0,4600.0,4285.0,4400.0,4400.0,738056
2017-03-16,4390.0,4600.0,4300.0,4600.0,4600.0,617402
2017-03-17,4565.0,4765.0,4565.0,4745.0,4745.0,530792
2017-03-20,4720.0,4865.0,4685.0,4710.0,4710.0,495170
2017-03-21,4720.0,4850.0,4715.0,4815.0,4815.0,252382
2017-03-22,4800.0,4880.0,4715.0,4800.0,4800.0,287355
2017-03-23,4795.0,4845.0,4750.0,4760.0,4760.0,319354
2017-03-24,4765.0,4790.0,4630.0,4735.0,4735.0,221230
2017-03-27,4705.0,4870.0,4675.0,4820.0,4820.0,339539
2017-03-28,4775.0,4850.0,4775.0,4845.0,4845.0,221153
2017-03-29,4890.0,4945.0,4830.0,4905.0,4905.0,273713
2017-03-30,4980.0,5020.0,4760.0,4935.0,4935.0,797605
2017-03-31,4830.0,4920.0,4355.0,4650.0,4650.0,1959811
2017-04-03,4650.0,4685.0,4240.0,4355.0,4355.0,1040020
2017-04-04,4320.0,4440.0,4010.0,4365.0,4365.0,838185
2017-04-05,4425.0,4530.0,4220.0,4265.0,4265.0,307949
2017-04-06,4265.0,4315.0,4200.0,4235.0,4235.0,155920
2017-04-07,4215.0,4260.0,4050.0,4050.0,4050.0,323987
2017-04-10,4010.0,4120.0,3915.0,3915.0,3915.0,358011
2017-04-11,3855.0,4125.0,3850.0,4070.0,4070.0,301912
2017-04-12,4060.0,4110.0,3930.0,3935.0,3935.0,166736
2017-04-13,3970.0,4045.0,3935.0,3955.0,3955.0,103081
2017-04-14,3915.0,4060.0,3885.0,4060.0,4060.0,191551
2017-04-17,4030.0,4300.0,4030.0,4280.0,4280.0,354240
2017-04-18,4265.0,4345.0,4265.0,4325.0,4325.0,236118
2017-04-19,4315.0,4315.0,4160.0,4180.0,4180.0,187786
2017-04-20,4150.0,4230.0,4055.0,4075.0,4075.0,168713
2017-04-21,4060.0,4165.0,4005.0,4050.0,4050.0,117561
2017-04-24,4075.0,4105.0,3900.0,3930.0,3930.0,211020
2017-04-25,3950.0,4020.0,3950.0,3995.0,3995.0,112614
2017-04-26,3980.0,4065.0,3975.0,4045.0,4045.0,154775
2017-04-27,4055.0,4055.0,3970.0,3975.0,3975.0,123006
2017-04-28,3975.0,4025.0,3940.0,3960.0,3960.0,152129
2017-05-02,3960.0,4070.0,3915.0,3975.0,3975.0,102329
2017-05-04,3975.0,4015.0,3960.0,3995.0,3995.0,76953
2017-05-08,3995.0,4020.0,3935.0,3940.0,3940.0,141475
2017-05-10,3970.0,3995.0,3910.0,3925.0,3925.0,188396
2017-05-11,3975.0,4150.0,3935.0,4125.0,4125.0,271194
2017-05-12,4240.0,4370.0,4140.0,4165.0,4165.0,293735
2017-05-15,4075.0,4145.0,3995.0,4015.0,4015.0,221565
2017-05-16,4025.0,4100.0,3995.0,4040.0,4040.0,143551
2017-05-17,4040.0,4095.0,3915.0,3930.0,3930.0,169716
2017-05-18,3920.0,3985.0,3800.0,3925.0,3925.0,334680
2017-05-19,4000.0,4180.0,3940.0,4085.0,4085.0,390173
2017-05-22,4085.0,4140.0,4030.0,4080.0,4080.0,185142
2017-05-23,4045.0,4325.0,4040.0,4195.0,4195.0,463525
2017-05-24,4260.0,4285.0,4105.0,4110.0,4110.0,242125
2017-05-25,4105.0,4185.0,4010.0,4030.0,4030.0,204535
2017-05-26,4030.0,4130.0,4015.0,4075.0,4075.0,166489
2017-05-29,4075.0,4145.0,3955.0,3975.0,3975.0,426886
2017-05-30,3955.0,4035.0,3920.0,3975.0,3975.0,262444
2017-05-31,3975.0,3975.0,3840.0,3925.0,3925.0,305939
2017-06-01,3925.0,3925.0,3815.0,3825.0,3825.0,370016
2017-06-02,3840.0,3860.0,3655.0,3695.0,3695.0,404983
2017-06-05,3680.0,3955.0,3680.0,3910.0,3910.0,280248
2017-06-07,3910.0,3925.0,3790.0,3850.0,3850.0,137314
2017-06-08,3855.0,3885.0,3700.0,3770.0,3770.0,212572
2017-06-09,3715.0,3825.0,3715.0,3775.0,3775.0,126783
2017-06-12,3845.0,3845.0,3685.0,3700.0,3700.0,243086
2017-06-13,3730.0,3800.0,3700.0,3720.0,3720.0,131210
2017-06-14,3710.0,3895.0,3710.0,3895.0,3895.0,216566
2017-06-15,3870.0,3875.0,3750.0,3810.0,3810.0,213095
2017-06-16,3780.0,3890.0,3780.0,3865.0,3865.0,144584
2017-06-19,3865.0,3970.0,3825.0,3930.0,3930.0,266717
2017-06-20,3905.0,3915.0,3790.0,3830.0,3830.0,204041
2017-06-21,3770.0,3860.0,3755.0,3770.0,3770.0,123880
2017-06-22,3770.0,3805.0,3710.0,3775.0,3775.0,168018
2017-06-23,3770.0,3820.0,3730.0,3820.0,3820.0,762471
2017-06-26,3860.0,3985.0,3835.0,3900.0,3900.0,498567
2017-06-27,3885.0,3925.0,3700.0,3745.0,3745.0,758793
2017-06-28,3750.0,3800.0,3700.0,3750.0,3750.0,169566
2017-06-29,3735.0,3800.0,3675.0,3730.0,3730.0,104005
2017-06-30,3735.0,3785.0,3705.0,3735.0,3735.0,97625
2017-07-03,3700.0,3740.0,3585.0,3600.0,3600.0,199008
2017-07-04,3650.0,3650.0,3400.0,3475.0,3475.0,217981
2017-07-05,3410.0,3515.0,3390.0,3455.0,3455.0,260290
2017-07-06,3420.0,3470.0,3400.0,3420.0,3420.0,179132
2017-07-07,3395.0,3465.0,3320.0,3365.0,3365.0,197472
2017-07-10,3350.0,3500.0,3220.0,3300.0,3300.0,321097
2017-07-11,3245.0,3345.0,3160.0,3220.0,3220.0,279055
2017-07-12,3205.0,3395.0,3205.0,3350.0,3350.0,492226
2017-07-13,3365.0,3395.0,3285.0,3320.0,3320.0,290948
2017-07-14,3320.0,3320.0,3250.0,3300.0,3300.0,165644
2017-07-17,3260.0,3500.0,3255.0,3495.0,3495.0,667462
2017-07-18,3500.0,3530.0,3330.0,3460.0,3460.0,506851
2017-07-19,3800.0,4000.0,3600.0,3645.0,3645.0,1816711
2017-07-20,3665.0,3665.0,3575.0,3610.0,3610.0,333382
2017-07-21,3620.0,3780.0,3600.0,3770.0,3770.0,565335
2017-07-24,3800.0,3850.0,3710.0,3780.0,3780.0,577662
2017-07-25,3780.0,3795.0,3645.0,3685.0,3685.0,220920
2017-07-26,3665.0,3700.0,3530.0,3605.0,3605.0,232907
2017-07-27,3610.0,3710.0,3500.0,3610.0,3610.0,309129
2017-07-28,3615.0,3645.0,3500.0,3600.0,3600.0,281521
2017-07-31,3590.0,3670.0,3500.0,3655.0,3655.0,453964
2017-08-01,3690.0,3850.0,3615.0,3785.0,3785.0,547116
2017-08-02,3820.0,3830.0,3665.0,3750.0,3750.0,390344
2017-08-03,3740.0,3855.0,3690.0,3710.0,3710.0,481184
2017-08-04,3710.0,3815.0,3690.0,3815.0,3815.0,270181
2017-08-07,3885.0,4030.0,3830.0,3930.0,3930.0,1247927
2017-08-08,3900.0,3965.0,3845.0,3920.0,3920.0,441877
2017-08-09,3870.0,4095.0,3860.0,4085.0,4085.0,1096023
2017-08-10,4065.0,4215.0,4050.0,4135.0,4135.0,1335039
2017-08-11,4040.0,4190.0,4030.0,4185.0,4185.0,603329
2017-08-14,4185.0,4240.0,3965.0,3970.0,3970.0,547682
2017-08-16,3970.0,4125.0,3775.0,3895.0,3895.0,641700
2017-08-17,4025.0,4150.0,3945.0,4110.0,4110.0,1208010
2017-08-18,4085.0,4170.0,4050.0,4120.0,4120.0,566391
2017-08-21,4160.0,4160.0,3945.0,3990.0,3990.0,588628
2017-08-22,4020.0,4045.0,3950.0,4030.0,4030.0,362629
2017-08-23,4030.0,4060.0,3980.0,4040.0,4040.0,406170
2017-08-24,4030.0,4650.0,4030.0,4530.0,4530.0,5665299
2017-08-25,4560.0,4735.0,4450.0,4545.0,4545.0,2686803
2017-08-28,4480.0,4575.0,4395.0,4550.0,4550.0,1008407
2017-08-29,4520.0,4545.0,4400.0,4520.0,4520.0,799907
2017-08-30,4530.0,4690.0,4460.0,4675.0,4675.0,1904322
2017-08-31,4690.0,4760.0,4530.0,4600.0,4600.0,805714
2017-09-01,4580.0,4640.0,4510.0,4535.0,4535.0,725511
2017-09-04,4350.0,4655.0,4345.0,4520.0,4520.0,1459382
2017-09-05,4590.0,4645.0,4455.0,4525.0,4525.0,812712
2017-09-06,4510.0,4590.0,4450.0,4475.0,4475.0,367532
2017-09-07,4485.0,4515.0,4395.0,4410.0,4410.0,508239
2017-09-08,4400.0,4435.0,4150.0,4220.0,4220.0,1161728
2017-09-11,4210.0,4255.0,4085.0,4225.0,4225.0,778055
2017-09-12,4245.0,4280.0,4105.0,4130.0,4130.0,658101
2017-09-13,4090.0,4360.0,4090.0,4305.0,4305.0,981879
2017-09-14,4435.0,4440.0,4275.0,4400.0,4400.0,653343
2017-09-15,4390.0,4490.0,4355.0,4490.0,4490.0,778937
2017-09-18,4530.0,4795.0,4525.0,4795.0,4795.0,2708117
2017-09-19,4900.0,5030.0,4725.0,4805.0,4805.0,2896900
2017-09-20,4845.0,4935.0,4460.0,4555.0,4555.0,4236812
2017-09-21,4635.0,4935.0,4545.0,4925.0,4925.0,4207103
2017-09-25,4915.0,4955.0,4405.0,4405.0,4405.0,3442496
2017-09-26,4405.0,4405.0,4405.0,4405.0,4405.0,0
2017-09-27,4435.0,4535.0,4295.0,4310.0,4310.0,828474
2017-09-28,4320.0,4425.0,4165.0,4180.0,4180.0,875106
2017-09-29,4190.0,4280.0,4175.0,4240.0,4240.0,580733
2017-10-10,4240.0,4320.0,4070.0,4140.0,4140.0,633851
2017-10-11,4155.0,4265.0,4140.0,4230.0,4230.0,421314
2017-10-12,4230.0,4265.0,4160.0,4160.0,4160.0,482500
2017-10-13,4170.0,4195.0,3995.0,3995.0,3995.0,834125
2017-10-16,4075.0,4105.0,3995.0,4060.0,4060.0,572922
2017-10-17,4130.0,4250.0,4060.0,4135.0,4135.0,639316
2017-10-18,4125.0,4150.0,4000.0,4045.0,4045.0,636922
2017-10-19,4040.0,4115.0,4005.0,4085.0,4085.0,355202
2017-10-20,4085.0,4330.0,4045.0,4110.0,4110.0,1220719
2017-10-23,4155.0,4285.0,4125.0,4220.0,4220.0,1525994
2017-10-24,4250.0,4325.0,4205.0,4275.0,4275.0,1683935
2017-10-25,4300.0,4325.0,4210.0,4260.0,4260.0,418965
2017-10-26,4270.0,4280.0,4110.0,4110.0,4110.0,592777
2017-10-27,4065.0,4135.0,4050.0,4100.0,4100.0,487924
2017-10-30,4130.0,4130.0,3930.0,3950.0,3950.0,939041
2017-10-31,3985.0,4035.0,3845.0,4010.0,4010.0,849496
2017-11-01,4000.0,4040.0,3920.0,3950.0,3950.0,334156
2017-11-02,3985.0,4005.0,3935.0,3940.0,3940.0,334670
2017-11-03,3960.0,3990.0,3800.0,3940.0,3940.0,811612
2017-11-06,3900.0,3970.0,3890.0,3945.0,3945.0,301361
2017-11-07,3980.0,3980.0,3870.0,3900.0,3900.0,331773
2017-11-08,3900.0,4020.0,3865.0,4000.0,4000.0,615161
2017-11-09,4050.0,4235.0,3960.0,4235.0,4235.0,1522131
2017-11-10,4285.0,4325.0,4100.0,4170.0,4170.0,1761093
2017-11-13,4200.0,4200.0,4015.0,4100.0,4100.0,1826990
2017-11-14,4135.0,4170.0,4070.0,4070.0,4070.0,1653481
2017-11-15,4100.0,4115.0,3970.0,3995.0,3995.0,1404096
2017-11-16,4030.0,4190.0,3975.0,4185.0,4185.0,1709672
2017-11-17,4220.0,4270.0,4080.0,4090.0,4090.0,1361831
2017-11-20,4120.0,4120.0,3990.0,4030.0,4030.0,1075178
2017-11-21,4000.0,4025.0,3900.0,3905.0,3905.0,1285066
2017-11-22,3940.0,3985.0,3880.0,3925.0,3925.0,738231
2017-11-23,3925.0,3970.0,3825.0,3895.0,3895.0,1052875
2017-11-24,3895.0,4050.0,3855.0,4040.0,4040.0,1121302
2017-11-27,4075.0,4115.0,3960.0,3970.0,3970.0,1028079
2017-11-28,3980.0,4005.0,3860.0,3890.0,3890.0,759028
2017-11-29,3910.0,3950.0,3830.0,3905.0,3905.0,609655
2017-11-30,3960.0,3960.0,3780.0,3800.0,3800.0,715197
2017-12-01,3805.0,3830.0,3700.0,3710.0,3710.0,1251779
2017-12-04,3700.0,3805.0,3695.0,3765.0,3765.0,448136
2017-12-05,3780.0,3815.0,3750.0,3785.0,3785.0,327950
2017-12-06,3785.0,3930.0,3770.0,3900.0,3900.0,793417
2017-12-07,3880.0,3900.0,3755.0,3805.0,3805.0,578065
2017-12-08,3880.0,3880.0,3715.0,3715.0,3715.0,433244
2017-12-11,3710.0,3740.0,3575.0,3585.0,3585.0,568292
2017-12-12,3600.0,3695.0,3455.0,3595.0,3595.0,478957
2017-12-13,3595.0,3685.0,3535.0,3670.0,3670.0,352521
2017-12-14,3690.0,3690.0,3560.0,3590.0,3590.0,442431
2017-12-15,3370.0,3725.0,3370.0,3635.0,3635.0,947891
2017-12-18,3640.0,3675.0,3560.0,3570.0,3570.0,416770
2017-12-19,3540.0,3540.0,3410.0,3480.0,3480.0,866348
2017-12-21,3480.0,3565.0,3380.0,3395.0,3395.0,425275
2017-12-22,3350.0,3470.0,3345.0,3410.0,3410.0,378553
2017-12-26,3410.0,3445.0,3355.0,3370.0,3370.0,405388
2017-12-27,3350.0,3460.0,3350.0,3460.0,3460.0,355843
2017-12-28,3490.0,3490.0,3390.0,3405.0,3405.0,372184
2018-01-02,3405.0,3445.0,3380.0,3435.0,3435.0,460404
2018-01-03,3460.0,3645.0,3395.0,3595.0,3595.0,915198
2018-01-04,3640.0,3640.0,3450.0,3450.0,3450.0,899878
2018-01-05,3450.0,3515.0,3415.0,3465.0,3465.0,431991
2018-01-08,3485.0,3485.0,3360.0,3365.0,3365.0,726010
2018-01-09,3365.0,3390.0,3305.0,3315.0,3315.0,560747
2018-01-10,3315.0,3335.0,3230.0,3330.0,3330.0,425658
2018-01-11,3340.0,3345.0,3210.0,3245.0,3245.0,646826
2018-01-12,3245.0,3430.0,3200.0,3375.0,3375.0,788203
2018-01-15,3375.0,3440.0,3280.0,3315.0,3315.0,447486
2018-01-16,3320.0,3360.0,3260.0,3345.0,3345.0,333208
2018-01-17,3350.0,3365.0,3270.0,3345.0,3345.0,391479
2018-01-18,3310.0,3540.0,3310.0,3520.0,3520.0,1030204
2018-01-19,3550.0,3550.0,3455.0,3460.0,3460.0,404937
2018-01-22,3460.0,3515.0,3400.0,3415.0,3415.0,383403
